age,experience,income,spending_score,credit_score,num_products,active_member,complaints,region,tenure,churn
55,3,132303,50,642,5,0,3,1,14,1
61,15,32873,12,350,4,0,2,1,9,1
30,3,44876,13,521,2,1,3,0,10,1
26,17,141348,60,756,1,0,0,1,2,0
27,2,62818,14,418,1,0,2,2,6,1
29,15,81483,90,882,4,0,2,1,0,0
23,0,40592,32,508,5,0,3,0,5,1
33,19,73863,20,336,2,0,2,0,13,1
18,23,80143,26,667,1,0,3,0,12,1
34,21,102706,65,407,5,0,4,2,12,1
19,0,66704,87,504,1,1,3,3,8,1
30,30,137819,67,670,2,1,4,2,7,1
25,20,125818,19,539,1,0,1,3,1,1
63,1,129341,87,728,2,0,0,1,1,0
24,20,25069,92,735,3,1,4,0,3,1
43,12,130729,99,558,1,0,4,0,13,1
38,22,48055,99,417,4,1,3,1,1,1
55,14,148730,37,592,1,1,4,3,12,1
36,24,68868,49,857,5,1,0,2,6,0
38,32,140072,15,314,1,0,4,1,14,1
29,16,131963,41,580,4,0,4,1,4,1
60,6,31406,46,768,2,1,0,0,8,0
46,24,131703,79,586,1,0,2,2,0,0
47,13,121807,64,567,1,0,2,0,6,0
32,25,82024,1,478,4,0,0,2,2,1
22,35,41925,55,884,3,1,3,1,7,1
41,31,134345,21,496,1,1,4,3,7,1
41,39,56313,85,778,3,1,4,2,6,1
59,14,117822,24,891,1,0,3,0,6,1
48,29,24263,56,362,2,1,3,0,14,1
50,13,140186,60,732,5,1,0,1,10,0
40,19,40465,41,382,5,1,2,3,5,0
31,15,87873,38,335,5,1,4,1,10,1
59,33,144927,3,370,1,1,0,0,9,1
27,35,52330,35,801,2,1,4,2,5,1
25,25,141592,70,626,1,1,3,3,6,1
40,34,74803,44,897,2,1,4,1,10,1
19,22,101005,91,452,4,0,2,3,5,0
18,33,92157,41,480,4,1,2,3,7,0
35,35,93724,84,801,2,0,1,2,13,0
26,14,100805,61,464,5,0,2,1,13,0
42,7,104840,46,557,2,1,2,1,1,0
31,32,57849,19,874,2,0,0,0,3,0
60,3,146205,69,725,3,1,3,3,6,1
26,3,116143,27,751,2,0,1,3,5,0
48,31,100268,61,482,1,1,0,2,7,0
25,32,92938,46,786,5,1,2,0,9,0
21,25,27521,59,627,1,0,0,1,4,0
24,21,129376,24,456,4,0,0,1,11,1
39,28,72352,2,659,5,0,4,1,0,1
21,35,146065,41,835,2,1,4,2,9,1
22,36,34053,14,418,5,1,4,3,4,1
42,20,130056,78,418,5,1,2,2,1,0
61,0,135781,63,308,3,0,4,3,3,1
30,14,137938,52,729,3,1,4,0,7,1
44,14,29647,95,808,5,0,2,1,14,0
34,27,41115,48,797,2,0,0,0,11,0
63,7,101912,62,427,4,0,3,2,12,1
59,14,28722,58,625,5,1,4,1,14,1
36,29,73627,65,704,4,1,1,1,6,0
33,18,94085,98,542,2,0,4,3,13,1
18,14,140388,24,691,2,0,4,0,2,1
22,10,41699,2,573,3,0,4,3,3,1
43,35,60386,3,747,5,0,2,1,4,0
52,29,46219,68,675,2,1,3,0,0,1
41,15,25706,84,659,3,1,1,2,4,0
25,25,76133,5,723,5,0,3,2,9,1
44,4,56023,9,745,2,1,2,1,5,0
43,5,46689,78,612,3,1,4,0,5,1
58,36,35057,15,727,2,0,0,3,11,0
40,22,57484,14,779,2,0,2,0,7,0
27,29,86025,99,785,3,1,0,2,1,0
21,16,88914,7,385,2,1,2,2,11,1
57,8,93904,96,449,5,0,2,1,12,0
41,29,64150,69,486,4,0,1,0,5,0
54,38,130340,98,583,4,0,2,1,4,0
45,38,105042,87,331,3,0,0,2,1,0
55,14,121560,29,566,2,0,4,1,7,1
37,36,127982,74,865,2,0,3,0,7,1
56,0,26310,35,452,3,1,2,1,10,1
26,4,50346,84,322,3,0,1,2,6,0
50,37,61694,59,315,3,0,4,1,0,1
52,20,108309,49,759,1,0,1,0,7,0
28,9,25784,10,681,5,0,4,0,7,1
41,16,137415,15,579,4,0,0,1,14,1
33,35,119386,32,866,5,0,0,1,10,0
41,38,53975,25,870,3,0,3,1,2,1
43,8,98848,25,366,4,1,0,1,3,1
25,15,133190,23,454,4,0,4,2,8,1
46,39,89085,75,689,2,0,2,0,12,0
28,2,125557,26,537,4,0,4,1,2,1
64,35,28415,20,892,4,1,0,0,2,0
50,33,40934,97,893,2,1,0,0,14,0
42,15,127209,75,613,4,0,0,2,5,0
41,15,85975,62,621,2,0,4,2,9,1
19,15,125359,86,695,1,1,2,3,8,0
31,30,97280,8,786,2,1,3,0,4,1
21,2,89937,54,574,2,1,4,1,12,1
18,34,47959,89,360,2,1,1,1,6,0
31,19,28966,62,561,5,1,0,3,6,0
24,29,118208,76,442,4,1,3,0,13,1
39,18,43837,69,636,2,1,1,0,2,0
24,38,106121,18,837,3,1,1,0,9,0
20,10,87549,44,660,2,0,2,2,0,0
30,18,21486,29,354,1,0,2,1,0,1
45,25,41395,18,446,5,0,4,0,14,1
39,17,124092,53,512,4,0,4,1,2,1
29,37,42990,49,549,5,0,2,3,9,0
25,20,74313,92,472,5,1,4,0,11,1
31,23,31367,95,523,4,1,4,3,14,1
26,18,114428,60,476,5,1,3,2,1,1
29,15,80440,22,566,4,0,4,3,4,1
30,32,146574,87,538,3,1,3,0,2,1
61,37,27897,72,858,2,0,0,0,12,0
38,30,148906,93,372,3,0,4,0,10,1
48,9,92901,10,584,4,1,2,2,1,1
54,4,25263,11,375,2,0,3,2,11,1
57,16,115971,21,480,3,0,2,1,4,1
25,15,39502,84,333,1,0,3,3,2,1
63,0,26045,16,381,3,0,1,1,3,1
22,27,20812,47,483,4,1,0,1,1,0
36,20,87347,39,390,1,0,4,2,0,1
50,23,28787,20,421,2,1,3,2,12,1
31,6,65642,61,792,5,0,2,0,0,0
28,24,108911,7,319,1,0,0,1,6,1
41,0,77214,24,823,2,1,2,2,2,0
35,16,45388,32,423,2,1,4,3,8,1
25,28,119042,92,790,1,0,2,2,5,0
42,24,133654,1,559,4,1,3,0,12,1
28,1,21779,84,842,4,1,3,3,8,1
46,9,119468,72,834,3,0,1,1,9,0
38,21,131574,10,414,2,0,0,1,5,1
50,0,137498,68,746,3,0,4,2,12,1
30,12,129517,66,794,4,1,0,3,13,0
19,32,69201,3,627,2,1,2,1,10,0
48,17,28607,66,335,1,0,1,1,1,0
59,19,141269,48,736,5,0,2,0,3,0
42,30,103159,87,536,3,1,0,3,1,0
36,23,94332,26,360,4,1,0,1,6,1
51,33,122478,20,587,2,1,2,0,14,1
20,18,136331,5,822,4,0,3,3,9,1
62,22,149538,53,634,5,0,4,2,9,1
46,3,37384,71,355,2,1,1,0,3,0
57,34,25445,5,446,4,1,2,2,12,1
52,24,79104,23,650,2,0,0,0,9,0
28,6,136118,63,517,4,0,1,2,2,0
50,37,93130,60,866,3,0,1,1,10,0
59,33,63650,41,758,3,0,0,0,12,0
36,12,72500,70,889,2,1,4,0,0,1
40,37,36440,71,867,5,1,2,2,12,0
24,15,124041,24,802,3,1,1,2,12,0
20,1,105415,77,569,1,0,1,3,9,0
25,6,67653,32,864,3,0,4,0,0,1
57,15,132154,59,710,4,1,0,0,0,0
33,28,58037,28,628,4,1,3,0,4,1
23,3,146333,73,520,5,0,1,0,0,0
35,32,25379,31,731,5,0,1,3,7,0
60,21,49685,19,526,3,1,0,2,6,1
38,29,149726,57,824,5,0,2,1,14,0
40,3,143804,45,481,5,0,4,0,4,1
55,2,51241,37,663,3,1,0,2,13,0
31,28,47446,60,348,3,1,4,2,8,1
51,20,56225,89,832,4,0,2,3,1,0
38,30,81820,57,691,5,1,2,2,2,0
28,29,76988,84,768,2,1,4,1,11,1
50,20,112934,57,888,2,1,1,3,6,0
43,31,85660,2,849,5,1,1,0,14,0
39,25,118476,49,560,4,1,4,3,7,1
57,17,29455,9,544,2,1,4,1,4,1
50,22,65251,55,564,4,0,2,3,11,0
37,13,115904,24,604,2,1,1,3,10,0
43,30,27581,94,848,3,1,1,0,7,0
32,23,69733,54,366,1,0,0,3,1,0
31,36,20908,71,472,1,0,3,1,1,1
38,21,96378,24,722,5,0,2,1,11,0
61,7,136239,43,695,1,1,1,2,10,0
24,3,142186,69,396,3,0,1,0,10,0
31,23,98556,62,373,3,0,1,2,4,0
33,12,65584,31,777,2,1,0,0,2,0
42,13,110647,73,714,2,0,4,1,1,1
27,7,127111,27,600,3,0,3,0,3,1
20,30,129711,36,549,1,0,2,3,12,1
25,26,26539,89,466,5,0,0,3,6,0
23,8,132644,95,688,4,1,1,2,14,0
54,39,68121,22,460,2,1,4,0,1,1
55,32,64524,61,641,2,0,3,2,5,1
39,20,36711,33,370,2,0,1,0,0,1
58,17,59390,91,815,3,0,1,3,4,0
31,9,44472,87,824,1,0,1,0,11,0
45,39,105456,19,823,4,1,1,2,13,0
31,25,99013,10,525,1,1,3,3,10,1
58,1,74001,30,656,1,0,1,2,8,0
32,31,74847,75,584,3,1,4,1,0,1
63,35,28252,31,502,4,0,0,1,13,1
41,27,36209,59,418,4,1,4,1,12,1
34,39,35025,40,773,2,0,1,0,9,0
46,18,126318,95,315,5,0,2,2,11,0
60,22,27016,26,597,5,0,0,2,14,1
63,1,63275,74,809,1,1,4,0,12,1
21,34,147872,74,401,1,1,0,0,14,0
20,2,127951,54,863,4,0,1,2,14,0
32,17,78391,76,504,5,0,1,0,3,0
64,21,58481,78,767,2,0,4,3,7,1
18,11,138618,61,755,1,0,4,0,12,1
47,29,98860,27,437,4,0,2,3,11,1
29,18,79576,7,764,1,0,1,0,0,0
53,11,45041,85,307,3,1,1,0,12,0
47,19,118844,68,305,5,1,2,3,0,0
51,3,137619,78,651,3,1,3,3,14,1
20,19,147267,34,881,3,1,4,3,13,1
38,0,53488,92,409,5,0,2,3,9,0
37,29,40360,52,643,5,0,0,3,3,0
50,21,148656,37,872,5,1,1,1,11,0
46,27,98982,34,716,2,0,2,2,9,0
36,32,145461,84,643,3,1,4,1,12,1
49,22,115778,41,407,1,1,0,2,2,0
46,20,117711,14,455,5,0,4,3,0,1
48,35,128973,65,417,4,0,0,0,12,0
28,17,27850,52,471,2,1,4,1,11,1
26,5,26041,74,580,2,0,4,0,7,1
63,11,61507,7,318,3,1,1,2,3,1
53,5,88842,57,631,3,0,2,2,4,0
50,9,49939,22,665,4,0,3,2,0,1
26,10,91499,60,858,4,0,2,2,11,0
38,29,24378,31,678,2,0,3,2,13,1
31,32,136468,46,831,2,0,4,2,2,1
33,38,143189,69,661,2,1,3,3,3,1
59,23,70007,58,882,4,1,2,0,4,0
18,31,114282,20,846,1,0,2,3,7,0
62,18,113890,83,362,4,0,0,3,3,0
37,5,103149,32,437,2,1,3,2,13,1
42,28,63836,71,874,3,0,1,0,2,0
60,15,61524,61,860,3,0,0,2,6,0
38,18,108881,76,474,1,0,2,0,6,0
62,10,59076,34,860,1,1,4,0,8,1
33,25,70620,18,390,2,1,2,2,10,1
48,4,143103,79,636,3,1,0,2,11,0
45,18,142031,97,310,4,0,3,2,10,1
32,22,83685,1,581,3,0,0,2,10,1
37,13,147010,83,703,2,1,2,0,2,0
44,21,95197,42,876,2,0,0,1,6,0
61,16,123916,68,884,5,1,3,1,0,1
40,17,26944,86,649,3,1,3,1,3,1
25,30,64847,63,703,2,1,1,0,13,0
53,14,101554,35,885,1,0,2,0,6,0
64,30,49019,25,494,1,0,3,1,4,1
52,10,118907,98,587,1,1,1,3,10,0
54,21,54505,73,535,4,1,1,1,4,0
54,4,54920,13,364,3,1,1,0,7,1
50,7,105841,51,752,2,1,1,1,13,0
37,20,47660,64,413,4,1,4,2,10,1
21,34,103369,65,775,5,0,3,1,5,1
42,35,116629,34,521,5,0,3,2,11,1
37,13,60505,60,834,4,1,4,0,4,1
55,11,70502,36,805,2,0,2,0,2,0
48,2,89494,20,653,5,1,1,3,3,0
56,21,136738,7,553,4,1,0,1,13,1
57,17,123202,24,866,1,1,4,2,9,1
23,30,136470,97,533,3,0,2,0,8,0
33,34,74352,61,731,3,1,4,1,10,1
41,27,144994,19,580,4,0,4,0,3,1
50,21,116727,97,413,1,1,1,2,6,0
60,35,55054,63,845,1,1,4,2,0,1
28,28,67175,10,767,5,0,4,1,1,1
20,34,24333,24,522,1,1,0,1,9,1
42,27,83246,41,724,2,1,0,0,6,0
52,10,108548,77,442,4,0,0,1,8,0
48,8,86970,98,338,3,1,2,0,1,0
35,11,83338,7,818,1,0,0,2,4,0
22,17,61383,80,507,3,1,4,2,13,1
18,27,61946,35,639,3,1,2,1,6,0
32,25,148570,81,577,1,0,3,0,2,1
35,22,71373,7,674,2,0,4,2,4,1
57,36,25365,33,616,1,0,2,2,0,0
53,14,111730,13,578,1,0,0,0,0,1
35,3,75252,71,641,1,1,1,0,1,0
46,28,38996,96,627,3,0,1,2,5,0
40,20,20890,52,868,4,1,4,2,11,1
56,8,128003,46,664,2,0,3,2,14,1
59,35,65453,18,409,3,1,3,2,3,1
28,8,85417,88,832,5,1,3,1,12,1
31,17,70930,87,698,2,1,2,0,6,0
24,32,126089,85,777,2,0,1,3,6,0
43,34,59065,7,326,1,0,4,0,7,1
56,19,20047,58,531,1,0,2,3,1,0
62,27,29664,58,774,5,1,2,2,1,0
59,31,75256,84,795,5,0,0,2,3,0
18,16,36551,73,561,1,0,1,2,12,0
40,27,88565,7,887,2,0,2,2,11,0
34,15,120757,88,315,4,0,0,3,5,0
37,26,125773,19,806,2,1,4,0,10,1
27,37,87372,31,580,5,1,4,0,14,1
46,24,88952,7,740,3,0,0,0,13,0
28,38,108573,88,786,4,1,1,2,8,0
22,19,140915,14,786,4,0,0,1,7,0
41,20,66916,54,665,4,0,4,2,6,1
32,21,101347,62,634,5,1,3,0,3,1
39,1,92006,41,404,1,1,3,1,4,1
64,4,96963,39,890,3,0,3,2,14,1
21,28,55822,17,684,3,1,0,3,14,0
42,18,128023,48,744,1,1,1,0,10,0
34,4,24898,39,374,5,1,0,0,9,1
64,16,73784,98,899,2,0,4,1,11,1
33,14,78941,1,656,4,0,0,3,13,0
25,35,49810,66,727,4,0,2,3,0,0
32,39,73207,49,363,3,1,1,1,1,0
31,32,35817,70,426,2,0,3,1,4,1
33,3,27828,32,456,1,1,3,2,9,1
43,11,101356,66,358,2,0,4,0,3,1
38,8,99944,1,568,1,1,4,2,6,1
39,34,65498,76,796,3,1,4,3,4,1
64,33,66647,77,308,4,0,4,2,12,1
47,28,24623,20,805,1,0,2,3,8,0
62,25,91122,85,326,4,1,3,3,2,1
55,3,40777,83,666,1,1,0,2,9,0
40,1,25311,64,304,4,1,2,2,2,0
45,34,109455,39,375,1,1,0,1,10,1
30,8,56507,55,831,5,1,2,3,9,0
30,25,146816,87,880,3,0,1,2,3,0
44,27,80242,13,839,1,1,0,2,13,0
30,29,136825,22,387,4,1,1,1,14,1
25,25,68199,19,407,3,0,0,3,9,1
41,13,27264,46,305,2,1,2,1,9,0
57,10,69137,60,510,3,0,0,1,5,0
61,16,66268,61,856,4,1,4,3,11,1
30,15,112633,13,495,1,1,3,1,4,1
56,10,52975,29,457,3,0,3,3,5,1
45,12,51704,12,409,2,0,2,0,5,1
23,33,78262,14,705,4,1,3,0,14,1
52,0,94998,61,353,3,1,3,1,11,1
51,30,60354,83,491,4,1,2,2,8,0
61,3,52695,60,371,1,0,1,3,5,0
44,17,100505,88,618,5,0,2,0,0,0
23,0,37031,84,833,2,1,1,2,4,0
27,38,96965,3,757,5,1,3,2,5,1
43,3,34818,34,664,5,1,1,1,3,0
45,30,86535,92,702,1,0,2,3,14,0
61,21,50080,10,766,2,0,4,0,12,1
19,26,62059,3,354,1,0,0,1,2,1
36,31,73630,77,374,5,0,0,3,9,0
48,10,73833,44,559,1,1,3,0,9,1
50,5,143967,82,586,1,1,2,2,8,0
44,33,78681,18,553,5,0,2,0,7,1
38,36,43360,89,378,5,1,2,3,6,0
48,9,116807,54,881,2,1,1,0,0,0
57,0,76947,51,780,5,1,2,2,12,0
18,39,147502,76,572,1,1,3,1,3,1
40,5,24374,7,332,3,1,4,1,9,1
52,10,25786,37,701,4,1,0,2,14,0
21,3,105871,95,759,1,0,4,2,8,1
24,39,137775,17,521,1,1,1,1,6,1
30,13,42609,77,794,4,1,0,0,5,0
57,37,56855,99,363,5,0,2,1,13,0
56,16,105630,63,882,3,1,4,0,1,1
37,25,50973,23,359,3,0,1,0,3,1
24,7,118252,71,779,1,0,4,3,3,1
31,0,77820,70,866,5,0,2,2,6,0
54,14,134842,83,847,2,0,1,2,12,0
41,14,34769,16,585,4,1,3,2,9,1
40,33,105592,96,844,3,0,0,3,5,0
20,0,23232,19,737,5,0,3,2,2,1
46,14,55947,22,653,5,0,4,2,12,1
60,2,42681,10,761,3,0,3,1,7,1
49,35,127874,3,892,5,1,3,3,7,1
27,31,51028,79,376,1,0,2,0,6,0
59,39,20572,79,815,5,0,1,3,5,0
42,7,94573,7,644,1,0,0,2,9,0
63,7,59941,97,357,3,0,3,1,5,1
47,16,131871,60,731,5,1,1,3,14,0
30,2,26773,37,446,2,0,1,0,7,1
36,5,27470,26,334,2,0,4,2,5,1
60,38,121093,6,625,3,0,4,0,4,1
29,15,111968,62,504,2,0,4,3,7,1
59,14,108819,9,838,4,1,3,3,5,1
54,13,93994,7,428,5,0,4,1,1,1
34,12,134913,21,784,4,1,1,1,9,0
48,37,142113,57,630,1,1,0,0,1,0
60,11,123992,14,831,3,0,3,3,9,1
38,15,138906,94,344,3,0,0,1,8,0
53,31,100840,4,584,2,0,1,1,7,1
59,34,103035,79,804,5,0,1,3,0,0
35,6,55640,6,559,2,1,0,3,11,1
20,5,89503,82,352,3,1,1,3,5,0
39,21,57141,91,520,4,1,2,2,2,0
47,6,81910,40,613,3,0,0,1,13,0
54,8,112837,99,436,1,1,2,3,8,0
63,12,59880,8,361,1,0,4,3,2,1
64,18,33130,33,319,2,1,0,2,1,1
34,7,107772,11,839,5,1,3,0,9,1
45,29,124590,69,782,1,0,4,3,13,1
26,18,135633,45,719,3,0,4,0,10,1
46,9,65016,99,609,3,0,2,3,10,0
20,22,20173,82,820,1,1,1,0,10,0
53,20,136714,80,321,1,1,3,0,10,1
31,33,46198,98,898,3,1,2,1,13,0
59,24,104382,20,458,4,1,3,3,7,1
54,9,55155,50,523,2,0,3,3,10,1
54,12,146029,67,657,4,1,1,1,11,0
58,23,40167,62,752,3,1,4,1,9,1
36,36,59529,51,696,4,0,0,2,13,0
51,23,148442,26,735,1,0,4,1,11,1
56,39,47326,41,834,2,1,0,2,3,0
64,37,71754,25,704,1,0,3,2,11,1
58,6,67250,56,521,2,1,3,2,14,1
43,1,29723,3,774,2,0,0,1,9,0
57,19,103450,87,685,3,1,1,1,2,0
55,29,53594,6,452,5,1,0,3,6,1
20,8,108699,10,306,1,0,0,1,3,1
52,34,69227,95,879,3,1,0,3,10,0
46,29,35628,81,765,5,1,3,0,13,1
32,0,102972,26,560,1,0,2,2,1,1
29,15,78213,54,696,1,1,1,0,2,0
60,19,130253,72,802,3,0,2,3,14,0
44,4,78673,66,542,4,1,0,1,1,0
58,7,125592,56,314,5,1,2,1,11,0
39,1,76670,64,486,3,0,1,3,8,0
34,8,104758,8,304,4,0,0,2,2,1
46,26,75884,69,449,4,0,4,3,5,1
55,25,80600,87,637,3,0,2,1,3,0
59,32,51705,40,829,2,1,1,3,1,0
63,6,70598,58,481,3,0,4,1,8,1
58,32,68214,74,730,2,0,0,2,7,0
60,7,108971,78,332,3,0,3,0,8,1
29,38,78515,39,564,5,1,3,0,0,1
40,17,46092,32,785,5,0,1,3,11,0
24,29,144030,77,715,4,1,1,0,10,0
50,38,51486,60,410,3,0,3,0,11,1
32,3,105208,82,677,5,1,2,1,14,0
54,10,95698,28,349,4,1,1,3,9,1
41,27,81386,90,439,5,1,4,0,3,1
29,16,131323,40,804,2,1,2,0,2,0
53,6,32762,9,436,3,0,1,0,13,1
50,8,143762,4,884,5,0,2,1,2,0
64,31,22728,15,347,1,1,4,2,0,1
45,25,54747,99,543,4,0,2,1,1,0
56,34,23179,10,792,1,0,1,2,0,0
18,33,50974,76,504,1,0,1,3,10,0
40,32,137366,79,695,5,1,4,2,9,1
51,6,108578,82,741,1,0,1,1,14,0
24,5,32808,65,522,5,1,1,3,7,0
54,37,37099,74,728,3,0,1,3,6,0
36,30,145639,84,449,5,0,0,0,8,0
45,24,97796,16,538,2,0,0,3,4,1
46,20,69693,65,620,3,1,4,3,8,1
55,22,48895,53,592,3,1,1,2,8,0
56,0,132010,48,427,1,0,0,3,10,0
48,5,136552,27,424,5,1,3,2,5,1
64,22,142559,54,615,4,1,2,1,1,0
25,27,106797,17,827,3,1,3,1,13,1
39,39,142659,26,851,2,0,3,1,9,1
34,37,105053,8,368,1,0,1,1,1,1
57,25,84155,25,382,2,1,2,1,11,1
47,36,127653,5,752,1,1,2,3,4,0
29,0,128592,10,587,4,0,2,2,6,1
32,38,64196,26,849,5,1,4,2,14,1
58,32,35058,37,497,2,1,1,0,9,1
48,5,140899,90,305,1,1,2,3,6,0
26,15,36774,81,455,2,1,2,1,9,0
58,5,57670,53,363,2,0,2,2,0,0
48,33,118322,70,567,2,1,0,2,1,0
41,0,98407,55,742,1,0,3,1,4,1
20,12,94421,26,592,4,0,3,2,8,1
46,16,101167,42,630,2,1,4,1,14,1
18,32,136588,19,568,2,0,2,3,10,1
57,33,140884,12,838,4,1,0,3,1,0
30,16,80078,81,376,5,1,1,0,12,0
35,12,37121,4,641,4,1,4,1,2,1
51,21,30098,2,448,2,0,4,2,8,1
28,10,144362,18,603,2,0,2,0,7,0
46,17,43605,51,602,1,0,1,1,10,0
59,14,70691,91,736,4,1,4,1,2,1
29,7,25272,19,856,3,0,4,3,10,1
23,20,102091,46,457,4,1,3,1,12,1
35,29,116153,45,732,1,1,3,2,2,1
23,12,32954,49,514,3,0,2,3,8,0
60,7,40344,21,524,2,1,4,2,8,1
40,6,124961,92,506,2,0,0,2,5,0
32,18,38917,17,705,5,0,0,1,13,0
41,0,24350,36,522,4,1,3,1,8,1
35,5,40742,30,556,3,0,2,0,0,1
28,11,138034,8,680,1,1,3,1,1,1
26,24,143426,29,376,4,1,4,1,5,1
37,34,108607,7,321,1,1,4,0,13,1
30,14,67584,30,775,5,0,3,2,12,1
43,38,104456,98,891,5,1,2,1,11,0
31,24,87408,97,480,5,0,3,2,6,1
34,33,125826,95,868,5,0,3,0,10,1
22,24,69579,3,750,1,1,4,2,11,1
42,3,105555,89,647,1,0,3,3,2,1
45,30,44100,91,388,1,1,4,0,0,1
22,39,99999,61,523,1,1,2,2,5,0
21,22,56178,70,868,2,1,2,3,5,0
30,38,56606,1,437,1,1,1,1,14,1
20,32,119976,87,512,3,0,3,3,6,1
30,27,35874,15,569,5,0,4,0,11,1
50,27,124211,69,476,3,1,1,1,1,0
50,18,130910,74,667,3,0,2,3,0,0
33,33,64766,16,716,1,1,3,3,13,1
54,36,108139,87,662,3,0,4,0,10,1
28,6,142649,90,677,1,0,4,0,14,1
30,38,124867,45,533,4,1,2,0,10,0
36,34,80623,68,673,4,0,3,3,7,1
48,31,56212,16,866,4,0,2,0,14,0
23,34,92894,51,749,2,1,2,0,2,0
34,7,130969,35,883,1,1,3,1,12,1
49,20,30088,53,609,2,0,0,1,3,0
50,26,114924,15,743,3,1,4,2,5,1
61,22,108012,71,757,1,0,3,1,10,1
62,2,42346,31,541,4,0,1,1,8,1
49,0,119782,29,847,5,1,2,0,11,0
61,28,33359,93,880,1,1,1,0,5,0
53,39,66670,73,883,3,1,4,1,9,1
62,5,40511,35,678,3,0,2,0,10,0
42,8,129819,60,783,2,1,0,2,2,0
33,9,59457,15,527,2,1,4,2,4,1
39,30,21707,81,479,3,1,0,1,12,0
37,33,129310,13,652,1,0,2,3,0,0
31,11,101929,87,640,2,1,3,1,5,1
51,34,21151,64,304,3,0,4,3,13,1
22,27,82703,86,835,2,1,0,2,12,0
57,12,37592,79,303,2,1,2,0,1,0
21,23,87558,3,690,4,0,2,2,4,0
52,2,26870,10,403,2,0,2,3,5,1
52,22,41038,76,367,4,0,1,2,12,0
60,18,38936,31,329,1,0,2,1,14,1
32,29,103194,33,522,2,1,0,1,13,1
36,34,101573,20,592,2,0,3,1,6,1
56,29,142660,68,502,3,1,2,1,10,0
56,31,124074,77,355,5,1,3,1,0,1
35,34,65671,31,381,5,0,3,0,3,1
23,16,126546,71,571,4,1,2,0,9,0
56,1,61293,9,541,3,0,1,3,1,1
45,11,81843,18,835,4,1,0,2,9,0
26,1,67277,75,464,3,0,1,0,5,0
58,28,63006,67,670,1,0,1,1,7,0
23,0,52162,49,325,4,1,4,1,0,1
23,11,28739,66,756,3,1,1,2,14,0
25,37,103975,17,425,4,0,1,2,14,1
32,14,32530,33,411,2,0,0,3,2,1
55,12,37351,18,674,1,1,2,3,14,0
59,36,130209,78,544,3,0,1,1,12,0
32,14,130310,59,806,4,0,2,0,10,0
51,9,124451,12,378,4,1,0,2,14,1
45,21,21838,67,657,4,0,1,2,3,0
31,32,46301,34,780,1,1,1,1,9,0
48,7,136358,8,822,5,0,4,1,10,1
61,0,80803,7,393,5,1,3,2,10,1
64,24,29096,5,864,1,1,4,0,3,1
27,16,123972,63,422,3,1,2,0,11,0
21,37,104564,1,842,1,1,3,1,1,1
21,16,97616,22,362,1,1,0,3,2,1
21,4,131484,21,577,5,0,2,2,0,1
51,28,61706,38,683,2,0,4,1,0,1
53,26,30321,51,322,1,0,1,2,10,0
34,38,97710,59,679,2,1,4,3,6,1
46,7,63151,82,675,2,0,4,3,4,1
55,9,67843,79,740,5,1,2,1,7,0
18,34,55248,7,392,5,1,4,1,13,1
55,2,71627,47,593,5,1,3,1,7,1
47,4,83659,13,641,5,0,0,0,6,0
36,13,62553,62,778,3,0,2,2,12,0
32,2,95733,50,572,5,1,1,0,8,0
57,27,46859,52,736,2,1,4,1,7,1
24,35,68253,28,759,1,0,0,0,3,0
46,0,86810,60,779,4,1,0,0,7,0
28,34,116639,15,610,4,0,1,1,13,0
50,6,138467,22,555,5,1,1,2,0,1
64,16,85262,88,443,4,1,2,2,0,0
47,37,87630,54,639,1,1,3,0,0,1
36,17,20754,14,539,5,1,0,1,5,1
54,38,145362,75,471,1,0,4,2,3,1
47,18,27938,35,774,1,1,1,0,4,0
57,14,136480,50,631,1,1,3,1,9,1
46,37,58993,71,682,3,0,2,1,12,0
47,0,103898,24,407,4,1,3,2,5,1
57,33,83506,54,506,2,0,0,1,4,0
44,13,113357,52,735,3,1,1,2,10,0
45,35,125153,13,585,3,0,2,1,3,1
60,31,119440,71,368,4,1,2,2,8,0
30,9,44859,11,488,1,0,2,0,13,1
35,12,99584,99,508,3,0,0,3,5,0
25,28,23155,5,401,5,0,4,1,9,1
45,12,90586,97,302,4,0,3,0,5,1
25,31,43928,12,634,2,1,1,0,0,0
37,30,52276,75,771,4,0,1,3,5,0
50,13,147712,38,693,2,1,1,2,4,0
30,38,144971,32,821,3,1,1,3,3,0
56,27,111220,44,699,1,1,3,3,6,1
50,23,42027,95,514,3,0,3,3,8,1
48,22,94978,38,511,2,1,1,3,7,1
40,39,36090,87,507,3,0,2,1,0,0
23,7,75908,1,491,1,0,4,0,12,1
45,2,31054,39,520,1,1,0,2,10,1
49,25,132421,26,561,2,1,2,1,9,1
59,32,57976,23,381,5,0,0,3,8,1
40,30,25032,45,876,4,1,4,2,14,1
30,27,112537,94,656,3,0,4,3,14,1
63,14,126374,47,711,3,0,4,3,4,1
40,21,87244,86,672,2,0,3,2,5,1
56,25,85694,14,673,4,0,3,2,4,1
36,9,117594,32,571,4,1,4,3,14,1
47,10,80321,47,311,1,1,3,0,13,1
47,6,82529,82,498,5,1,2,1,14,0
36,2,44469,67,735,1,1,0,3,4,0
49,30,111353,37,736,2,0,4,3,8,1
52,13,117658,53,615,2,0,3,2,2,1
37,14,92302,35,659,2,0,2,1,2,0
47,27,146521,32,321,2,1,3,0,11,1
63,32,138272,14,476,3,1,4,2,14,1
61,18,75406,48,481,2,1,3,1,6,1
40,19,35821,19,304,5,1,0,3,10,1
33,25,76680,26,349,4,1,4,1,14,1
25,24,139619,64,831,2,1,0,3,12,0
46,4,57775,87,804,5,1,2,0,4,0
37,11,22118,6,333,4,0,1,3,11,1
45,24,104227,24,384,1,0,2,0,4,1
61,22,98639,20,345,1,1,0,3,4,1
37,6,59546,31,334,2,0,1,2,4,1
33,4,146506,5,591,1,1,1,3,14,1
24,15,37665,8,836,3,1,2,2,11,0
42,28,46065,52,488,5,1,3,1,12,1
40,30,26511,99,466,2,1,2,3,8,0
29,39,125263,67,789,1,0,4,2,7,1
55,21,143792,65,769,2,0,4,0,9,1
19,27,96356,28,806,1,0,2,1,5,0
47,5,94998,96,767,2,0,2,2,6,0
33,35,101813,56,854,4,1,4,0,13,1
52,8,95837,1,878,1,0,1,1,6,0
40,18,102973,44,677,2,0,2,2,11,0
63,37,52044,44,886,5,1,1,2,0,0
60,30,79360,91,851,2,1,4,3,3,1
40,24,131682,63,394,1,1,2,2,11,0
63,12,101826,65,544,3,1,2,0,2,0
57,21,122360,5,428,4,0,2,0,1,1
36,28,89753,7,822,1,0,0,0,4,0
58,23,77302,25,787,4,1,4,0,6,1
62,28,47725,24,801,1,0,3,1,8,1
34,20,106267,28,460,5,0,1,2,13,1
35,25,34305,31,811,2,0,0,2,12,0
61,37,119622,69,793,3,0,4,1,6,1
42,5,65194,26,515,2,0,4,0,3,1
56,23,33436,94,851,1,0,2,1,9,0
18,4,112794,51,842,3,1,3,0,13,1
51,20,132917,68,749,3,0,0,2,7,0
36,13,30768,3,763,1,1,0,3,0,0
25,29,69230,99,344,1,1,4,2,11,1
32,28,34471,86,765,5,1,1,3,11,0
54,27,140501,57,427,3,0,3,2,1,1
44,28,61909,19,675,3,1,1,2,0,0
50,39,111331,13,376,2,1,3,2,4,1
19,17,116589,25,896,3,1,3,2,10,1
42,5,50604,38,642,5,0,0,1,10,0
40,19,113398,70,718,1,0,1,3,13,0
52,8,86428,65,632,4,1,1,2,14,0
48,15,86773,59,657,4,1,1,2,12,0
39,36,41404,1,897,4,1,4,2,5,1
22,28,43181,65,855,3,1,2,3,3,0
21,28,137053,14,627,5,1,0,3,4,0
36,32,93606,22,577,5,0,3,2,7,1
51,37,124688,38,379,4,1,3,1,5,1
29,30,147346,99,653,2,1,4,0,2,1
29,39,76365,15,475,2,1,3,1,7,1
30,26,145629,18,371,5,0,3,2,12,1
22,14,60243,91,875,5,0,2,0,7,0
63,5,124413,90,785,2,0,3,3,10,1
18,12,119206,23,807,2,0,1,0,2,0
43,25,91609,21,334,4,0,4,1,0,1
58,15,52296,51,555,3,1,4,1,1,1
25,29,56871,73,774,5,1,4,0,12,1
25,37,53266,49,561,2,0,2,1,3,0
51,15,73874,11,354,2,0,3,0,6,1
25,28,76324,24,397,4,0,0,1,2,1
52,7,36612,97,332,2,0,3,1,13,1
22,2,90108,66,696,4,1,1,1,6,0
23,11,33027,13,647,3,0,4,0,11,1
57,2,86951,21,398,2,1,4,0,5,1
30,25,89778,86,842,5,0,0,2,11,0
63,36,74707,22,421,2,0,2,2,9,1
50,37,106780,47,589,3,1,4,1,8,1
39,3,149410,32,441,1,0,2,1,0,1
46,25,55922,27,686,4,1,1,0,11,0
25,20,105934,35,757,1,1,1,2,7,0
46,0,97307,59,590,4,1,0,2,10,0
43,0,78985,91,863,3,0,0,1,3,0
59,17,118066,83,827,4,1,1,1,3,0
51,35,86134,70,549,3,0,1,0,6,0
19,20,39485,15,682,3,1,2,3,10,0
31,17,108483,80,632,5,0,2,2,1,0
56,35,141355,84,824,1,1,0,0,7,0
39,14,96980,79,878,3,0,4,2,8,1
45,36,61292,63,309,1,0,4,2,7,1
56,38,67013,26,464,3,1,3,0,10,1
38,23,128238,68,359,3,0,3,0,6,1
51,1,123621,18,755,5,0,2,0,7,0
19,0,108472,20,601,5,0,4,2,10,1
49,32,89317,55,717,1,1,2,0,4,0
56,12,43036,38,391,3,1,4,2,4,1
46,26,129725,1,533,5,0,1,3,8,1
29,11,21229,81,377,3,0,1,2,2,0
53,37,114872,62,501,3,0,3,2,14,1
49,25,101322,62,806,1,1,2,3,1,0
20,5,95402,4,850,2,0,3,3,8,1
21,5,83809,17,754,1,0,3,2,4,1
50,14,127605,54,769,5,1,0,2,7,0
28,23,137881,78,440,2,0,3,0,3,1
50,2,112853,25,854,5,0,4,0,13,1
51,27,81972,65,644,2,1,1,2,9,0
23,0,77869,20,852,5,1,4,3,0,1
18,35,88587,72,537,5,1,3,0,8,1
55,34,40506,63,741,5,0,0,3,9,0
64,23,78502,54,302,5,1,2,1,12,0
26,24,23487,5,433,2,0,1,1,12,1
61,14,40598,5,328,4,1,3,3,7,1
62,13,103667,72,657,5,0,3,3,3,1
42,22,130769,84,389,1,0,1,0,11,0
34,32,126561,70,649,2,1,1,3,13,0
50,27,65811,80,834,3,0,1,0,1,0
50,8,144214,61,653,3,0,4,2,3,1
59,38,66720,98,606,2,0,1,1,10,0
42,19,123858,54,781,1,1,1,1,7,0
39,20,64369,33,809,4,0,1,2,13,0
45,24,93125,88,442,5,1,3,0,0,1
64,7,73324,7,752,3,0,3,3,4,1
53,27,74214,3,893,4,0,0,2,12,0
22,37,31412,41,658,3,1,0,1,1,0
50,31,95958,6,303,1,1,0,0,2,1
63,37,46639,22,389,3,0,2,0,10,1
42,18,59085,4,628,1,1,0,1,1,0
56,16,110909,12,606,2,0,4,0,6,1
60,32,135526,80,607,4,1,3,0,2,1
43,9,44974,68,319,3,1,4,1,13,1
50,5,62730,7,703,4,0,3,1,4,1
58,2,114093,76,487,1,0,4,2,4,1
51,16,57836,47,579,2,1,4,2,1,1
24,38,103025,17,376,2,0,2,1,3,1
19,30,112975,64,793,2,0,2,1,8,0
49,2,133768,5,529,1,0,3,3,1,1
25,25,54219,20,626,4,1,3,0,4,1
31,32,95339,41,586,2,0,3,3,0,1
21,7,23646,38,773,1,1,2,2,7,0
46,25,68116,63,362,5,0,4,0,6,1
33,21,128569,59,733,2,0,3,1,10,1
47,36,125881,6,471,2,0,0,3,10,1
20,2,135818,80,652,2,1,2,3,2,0
37,9,32744,87,542,2,0,2,0,8,0
50,11,72906,75,527,4,1,4,1,12,1
36,35,77149,45,606,2,1,0,0,9,0
58,39,35660,11,334,1,0,3,1,14,1
52,29,94540,7,399,4,1,1,3,5,1
48,20,43989,33,895,3,1,3,3,10,1
50,20,123072,41,774,4,0,0,3,11,0
64,9,88508,9,473,2,0,1,0,3,1
37,7,23973,67,811,4,1,4,1,13,1
59,5,49460,96,692,1,0,4,3,11,1
38,25,119133,73,669,3,0,1,1,1,0
58,19,42535,58,890,1,0,4,1,11,1
64,16,128799,25,773,4,1,1,1,6,0
22,28,59524,95,705,1,1,4,3,13,1
27,18,81875,34,551,4,1,2,0,2,1
18,17,100562,48,491,4,1,4,1,9,1
44,4,55303,95,561,3,0,4,0,12,1
39,3,62864,53,371,2,1,0,2,2,0
28,19,96243,92,722,3,1,2,2,6,0
39,5,82997,12,692,5,1,2,0,3,0
51,38,40745,37,521,5,0,3,1,7,1
56,10,45677,7,781,5,1,0,3,5,0
55,8,76459,61,766,5,0,3,0,3,1
61,12,108805,30,429,3,1,4,1,2,1
57,34,139747,50,663,4,1,1,1,5,0
51,24,149059,56,417,3,1,0,1,11,0
49,19,54546,7,551,1,1,3,1,14,1
59,35,123801,41,494,4,0,2,2,11,0
25,34,129042,64,359,3,0,0,3,10,0
23,22,44997,8,358,4,0,2,3,6,1
24,25,72265,76,571,5,0,3,1,5,1
41,23,65193,27,510,1,0,1,0,1,1
40,38,103599,56,343,1,0,1,3,12,0
60,11,72957,32,694,3,1,0,3,1,0
57,13,137748,83,606,3,1,3,1,0,1
49,38,54792,96,879,3,0,0,3,7,0
55,11,77719,55,736,1,1,4,0,10,1
56,21,85877,78,614,2,0,4,0,10,1
41,15,70252,77,646,4,1,0,3,14,0
46,4,83261,7,675,2,0,0,3,2,0
54,18,82900,96,698,4,1,3,3,14,1
20,4,115257,91,307,4,0,1,3,13,0
28,11,82550,79,459,3,0,0,3,8,0
38,36,135877,58,618,5,0,1,0,2,0
18,27,110987,14,412,1,0,3,3,1,1
34,15,28591,84,303,5,1,4,3,11,1
48,1,99766,24,674,2,1,3,2,11,1
21,12,45179,21,436,1,1,1,3,8,1
32,1,62660,66,777,1,0,3,3,11,1
62,8,36557,91,645,1,0,4,2,10,1
23,25,111330,85,623,4,1,3,0,0,1
28,26,137763,55,581,1,0,1,3,0,0
61,38,55002,67,320,3,0,0,1,11,0
64,15,106367,84,807,4,0,2,3,1,0
45,21,75368,88,428,5,0,0,2,7,0
51,16,42472,38,593,4,1,2,1,5,1
26,20,99459,17,421,4,1,1,0,13,1
22,27,89110,8,642,1,0,0,0,14,0
57,29,32377,81,757,3,1,0,2,11,0
50,7,59824,69,709,2,1,2,0,9,0
51,14,143370,16,664,2,0,4,1,0,1
25,11,45941,16,667,3,0,0,3,7,0
51,12,91626,83,494,3,1,1,1,4,0
32,20,120512,21,752,5,1,0,3,9,0
31,37,140766,48,545,4,0,0,1,4,0
61,2,100774,21,544,2,1,3,1,8,1
39,33,51305,59,504,2,1,4,3,5,1
54,10,60741,10,414,5,1,2,0,5,1
30,8,147106,97,364,1,0,0,2,1,0
44,5,43341,56,846,2,0,0,1,3,0
36,0,138541,60,429,4,1,0,0,4,0
55,2,53961,89,324,3,1,1,0,11,0
53,4,96577,8,748,1,1,4,0,0,1
30,0,54051,26,444,2,1,2,0,0,1
59,35,44452,10,642,5,1,3,1,8,1
53,30,103102,11,761,2,0,0,3,13,0
43,4,21985,37,499,3,1,2,1,9,1
55,11,139493,40,508,5,1,2,2,4,0
19,16,91000,21,521,1,1,0,2,2,1
62,14,111759,83,616,2,0,3,3,8,1
59,2,45162,76,830,4,0,2,1,4,0
61,15,148676,29,532,4,1,3,3,0,1
18,32,52249,99,538,4,0,2,0,0,0
33,24,39265,41,537,4,0,3,0,1,1
46,0,105432,86,583,3,1,2,1,4,0
58,1,61421,84,361,4,0,1,3,12,0
24,27,145638,6,418,1,1,3,3,8,1
50,3,44848,11,582,1,0,1,0,7,1
44,17,137162,49,806,2,1,0,3,3,0
38,19,59533,61,384,2,1,1,2,5,0
56,33,65537,68,743,1,1,3,2,6,1
19,6,78297,60,692,1,0,1,1,5,0
34,23,69885,34,618,3,0,2,2,2,0
43,8,31781,22,844,1,1,4,1,2,1
37,29,54941,77,779,1,0,3,1,4,1
48,18,60791,84,600,5,0,2,0,8,0
18,16,37148,7,576,1,0,1,1,13,1
60,34,46141,22,790,2,0,1,1,9,0
39,28,83583,15,385,1,1,0,3,14,1
51,38,81802,42,517,3,1,2,0,6,0
19,10,78053,66,307,2,0,1,0,3,0
43,23,80502,79,476,1,1,2,1,7,0
56,1,132872,69,760,5,0,4,1,3,1
30,31,91337,39,529,5,0,2,2,8,1
36,24,114929,92,714,2,1,4,3,12,1
31,9,33363,54,431,3,0,0,2,14,0
31,31,130894,81,690,1,1,2,2,2,0
42,27,141402,95,365,1,1,3,1,13,1
62,34,138695,13,376,5,1,2,3,12,1
44,37,139891,90,793,5,0,0,0,2,0
37,18,80047,78,694,4,0,0,0,0,0
57,18,133739,61,719,2,1,0,3,8,0
52,27,51325,58,631,4,0,0,3,0,0
33,24,90252,52,715,1,0,2,2,11,0
55,4,24842,15,867,5,1,4,1,8,1
56,1,79869,68,786,5,0,4,3,11,1
50,37,49048,49,424,4,0,3,2,9,1
54,33,23892,55,319,5,0,4,3,0,1
52,23,36757,10,626,4,1,0,1,7,0
64,32,69405,23,600,5,1,1,1,8,0
19,27,55384,34,750,1,1,3,2,12,1
50,16,141881,99,611,1,1,1,1,6,0
48,27,65775,57,513,2,0,0,3,0,0
55,12,122436,81,523,1,1,3,0,4,1
25,26,139044,15,743,3,1,0,2,6,0
50,28,53106,32,664,3,1,4,0,4,1
61,22,142352,20,892,3,0,2,3,2,0
59,38,95614,43,824,5,1,0,2,9,0
23,20,28331,32,636,1,0,4,0,14,1
19,19,112458,74,669,5,0,4,1,10,1
51,37,106806,28,574,2,0,2,2,0,1
48,11,128025,62,544,3,1,4,2,7,1
36,37,72692,15,730,1,1,2,3,5,0
35,20,75068,54,755,2,1,3,3,10,1
36,34,39128,41,525,3,1,0,0,5,0
49,23,84754,91,656,3,1,3,1,7,1
25,1,100288,44,886,4,0,2,2,11,0
39,21,144346,12,620,2,0,2,3,14,0
36,37,65687,74,667,4,0,0,1,10,0
64,7,148342,73,505,3,1,0,1,4,0
62,24,35812,32,602,2,0,3,0,10,1
45,24,83426,52,591,2,1,1,2,10,0
27,19,75318,59,382,4,1,0,2,14,0
22,30,74402,16,749,2,0,0,3,9,0
31,27,81641,49,562,5,1,1,1,6,0
41,32,107169,4,491,2,0,2,3,9,1
49,14,41537,26,677,5,1,1,1,7,0
55,25,135408,65,770,5,0,4,2,13,1
18,13,25639,29,358,1,0,3,2,2,1
36,14,53855,69,657,5,0,4,1,8,1
49,36,86885,60,327,4,0,4,1,8,1
19,24,119077,60,458,1,0,1,3,6,0
38,3,42245,84,358,1,1,2,2,2,0
32,29,95690,78,424,2,0,1,1,8,0
59,31,71599,5,602,4,0,3,1,9,1
22,28,92739,70,801,3,1,1,3,3,0
43,12,81998,67,731,1,1,3,0,13,1
37,2,44273,74,758,5,0,4,0,1,1
45,8,111927,44,555,3,1,0,0,12,0
46,15,131380,88,614,1,1,4,2,11,1
26,37,71332,84,687,4,1,3,3,2,1
63,7,45879,74,585,3,0,3,1,14,1
30,18,67513,79,741,2,1,0,2,12,0
64,38,77646,63,453,5,0,2,0,9,0
29,36,54591,5,564,5,0,0,2,1,1
26,18,138809,73,581,2,1,3,0,0,1
28,8,122004,41,456,1,0,0,2,2,0
41,21,59058,98,886,3,1,3,2,8,1
42,4,111147,13,353,5,0,0,0,12,1
43,39,70295,19,451,5,1,4,2,11,1
36,13,120405,55,508,3,0,1,3,9,0
36,9,131405,36,426,5,1,1,2,5,1
23,10,101542,20,541,4,1,0,2,3,1
60,4,41140,32,318,4,0,1,1,9,1
64,24,142373,10,418,3,0,3,2,5,1
39,25,92003,71,522,4,1,3,0,13,1
27,33,136967,30,323,1,0,2,3,11,1
60,18,98219,33,443,5,1,4,0,6,1
31,14,103884,86,527,3,0,2,2,7,0
36,14,22988,95,842,1,0,1,1,5,0
41,7,54294,87,640,2,0,0,1,1,0
63,35,30010,85,523,5,1,1,3,9,0
49,13,20499,84,513,3,0,0,3,11,0
51,8,65781,12,404,2,1,0,0,10,1
32,38,53336,85,619,5,1,3,3,3,1
58,14,141708,97,368,2,0,4,1,12,1
26,17,20464,96,880,5,1,0,1,6,0
19,13,84437,83,577,3,0,1,0,3,0
40,23,75283,29,838,2,1,1,1,10,0
20,26,35204,90,855,1,1,4,1,14,1
40,31,72773,37,465,2,0,3,0,4,1
19,23,69454,18,432,4,1,4,1,7,1
26,37,46507,96,845,3,0,3,2,3,1
25,29,145760,22,468,3,0,4,1,13,1
41,25,88579,11,344,2,1,2,2,4,1
31,17,136792,80,778,3,1,0,0,10,0
18,32,79859,62,587,3,0,0,2,5,0
60,26,108854,40,612,1,0,2,0,14,0
57,18,111448,89,484,1,0,0,3,8,0
21,24,45420,91,384,4,0,0,3,1,0
61,39,43498,72,327,1,0,3,0,3,1
61,11,123623,84,702,1,1,0,3,5,0
28,39,55364,46,632,5,1,3,1,7,1
52,6,58943,13,738,3,1,0,2,5,0
51,4,126263,20,476,2,1,3,3,1,1
29,39,66364,45,855,4,0,4,2,0,1
20,21,20768,20,745,1,1,0,0,6,0
28,3,97991,85,426,4,1,4,2,9,1
45,9,124253,64,319,1,0,0,3,10,0
23,36,125376,42,703,4,1,3,3,4,1
44,24,116066,64,507,3,0,0,3,1,0
21,7,140954,31,778,4,1,3,1,5,1
49,32,74586,52,488,2,0,1,3,12,0
29,12,29774,12,675,2,0,1,3,0,0
21,22,141295,54,552,5,0,2,1,9,0
19,1,74125,32,609,5,1,4,1,13,1
31,7,48325,75,697,4,1,2,1,3,0
35,2,123861,92,328,3,0,0,1,10,0
26,36,49274,69,686,4,1,0,1,2,0
56,32,114680,11,887,3,0,4,3,14,1
22,20,129601,21,776,1,1,4,2,3,1
24,3,25922,88,343,1,0,3,0,10,1
30,21,113721,73,841,5,0,3,2,14,1
27,30,82798,78,507,3,1,2,2,4,0
23,35,62003,1,603,3,0,1,1,2,0
33,17,137997,39,590,4,1,0,2,12,1
38,17,41971,89,437,5,1,2,1,4,0
49,31,79896,48,537,1,0,1,0,9,0
44,25,102356,6,372,5,1,0,1,11,1
25,39,23275,47,516,4,1,3,0,6,1
61,25,79732,75,387,3,1,3,0,6,1
20,29,117893,72,323,3,0,0,1,4,0
50,3,70675,94,444,3,1,1,0,11,0
64,20,76255,58,645,1,0,4,1,9,1
29,7,102144,18,727,4,1,2,1,6,0
36,15,141935,47,434,1,0,3,1,12,1
62,8,58527,38,810,5,0,4,1,11,1
18,23,145410,88,341,3,1,1,1,10,0
55,9,89929,88,449,1,0,2,2,10,0
27,1,103366,74,512,4,0,3,0,3,1
44,21,139847,4,846,3,0,3,2,1,1
38,13,114214,51,387,1,0,0,0,10,0
33,22,117892,64,385,5,0,3,3,2,1
19,27,34344,64,499,3,0,4,3,11,1
23,25,80672,61,431,5,0,2,3,11,0
20,17,38519,53,856,4,1,3,1,1,1
43,35,102858,49,837,3,0,0,1,2,0
46,32,123314,52,676,5,1,0,3,5,0
37,29,80716,7,678,5,0,0,2,2,0
61,14,146379,64,860,4,0,4,3,3,1
35,21,78205,94,753,2,1,4,0,9,1
23,25,67205,2,409,4,0,1,1,1,1
63,19,51109,25,416,2,1,2,0,7,1
33,4,80546,23,777,4,0,4,0,1,1
28,25,149470,89,670,2,0,3,0,12,1
47,24,101896,49,631,3,1,0,3,7,0
35,12,67012,35,839,5,1,2,3,5,0
35,18,122238,23,785,3,1,4,1,0,1
64,35,49309,40,429,5,0,3,3,13,1
25,26,101083,19,465,1,1,1,3,3,1
35,13,62323,64,880,4,1,4,2,14,1
40,25,124339,75,448,1,0,3,2,4,1
18,0,97079,89,550,5,0,4,2,8,1
25,22,43804,18,670,4,1,4,1,7,1
47,14,125886,8,524,1,0,2,1,8,1
46,10,80049,28,644,3,1,0,1,10,0
53,39,144258,87,853,5,1,0,0,10,0
61,11,81095,79,631,5,1,0,3,2,0
52,19,77911,3,372,5,1,2,3,11,1
58,9,57143,51,770,4,0,0,0,10,0
23,35,148784,17,727,4,0,0,2,4,0
46,7,125865,44,631,4,1,2,2,5,0
59,2,90491,80,333,3,0,0,0,6,0
52,27,116286,12,396,4,1,4,3,1,1
52,24,21712,78,829,1,0,4,1,7,1
37,2,128209,14,527,2,0,4,2,11,1
31,7,35397,95,638,2,0,4,0,3,1
55,21,40531,39,657,1,1,0,2,7,0
43,19,116917,1,464,2,0,1,0,6,1
22,14,113568,72,568,2,0,3,3,1,1
61,13,148671,27,535,1,1,3,0,6,1
29,33,69245,93,485,5,0,3,0,5,1
47,18,66738,77,511,4,0,3,3,10,1
30,22,81735,95,897,2,1,0,0,6,0
43,17,101452,89,395,2,0,1,2,10,0
50,11,137297,55,880,1,1,1,3,12,0
58,28,87500,17,699,5,1,3,0,14,1
60,2,141367,63,466,2,0,1,0,0,0
41,3,36676,74,738,3,0,0,2,5,0
43,10,21361,57,367,4,0,2,0,14,0
61,31,75549,54,343,4,1,4,0,12,1
58,27,31097,40,716,5,1,2,0,8,0
42,32,58981,19,656,2,1,2,3,6,0
49,38,102283,65,776,2,0,3,3,5,1
46,29,103914,79,592,2,0,2,0,6,0
18,29,76917,69,696,1,0,0,1,3,0
40,33,23652,59,549,2,0,4,3,2,1
42,1,118804,51,866,1,1,4,1,7,1
40,25,64093,54,664,1,1,4,3,9,1
28,21,31307,44,772,5,1,4,1,5,1
61,0,133326,48,394,2,0,1,1,7,0
49,38,146061,51,310,5,1,0,1,8,0
27,7,128469,48,658,3,0,0,1,12,0
57,21,108778,88,623,3,1,2,3,11,0
24,5,38956,95,842,1,1,2,1,11,0
48,15,128195,55,750,3,0,1,0,12,0
21,13,86321,75,586,3,0,4,3,9,1
36,16,42155,66,620,2,0,1,0,7,0
30,33,57124,4,517,3,1,2,0,13,1
27,30,37367,45,700,4,0,2,0,6,0
28,36,42810,12,398,1,0,1,1,12,1
45,32,52705,53,413,4,1,3,3,14,1
19,8,92464,57,495,5,1,3,3,2,1
39,3,48619,41,428,3,1,1,3,14,0
60,24,147845,15,672,4,1,4,0,10,1
24,14,66973,39,408,5,1,4,1,14,1
27,3,26522,98,889,1,1,0,0,1,0
54,35,124857,14,645,4,0,4,0,1,1
41,31,58719,47,416,4,1,2,1,13,0
26,1,78745,62,327,2,0,0,2,11,0
41,0,91832,6,851,5,1,2,2,11,0
36,31,127408,62,646,1,1,1,2,4,0
60,18,28399,15,829,2,1,4,2,12,1
39,2,96009,78,503,3,1,4,3,3,1
21,15,24308,66,593,1,0,3,2,13,1
32,38,127576,93,488,5,0,1,2,6,0
38,39,59699,48,471,3,0,2,0,12,0
61,20,108941,77,546,1,1,3,3,5,1
39,1,31510,14,722,4,1,4,1,3,1
27,0,101775,6,666,2,1,4,1,2,1
60,18,123073,23,644,1,1,3,2,12,1
20,29,20577,42,318,5,1,2,1,4,0
38,26,82072,7,698,3,1,4,2,6,1
61,7,49213,16,657,4,0,3,3,9,1
34,3,87878,31,330,4,1,4,3,9,1
31,21,120563,47,400,4,0,0,1,6,0
60,19,48341,93,687,1,0,3,1,2,1
53,15,79461,33,705,2,0,1,0,5,0
29,5,145275,19,417,5,0,4,2,12,1
46,3,61280,30,501,2,0,3,0,1,1
60,8,139699,72,450,2,0,1,0,14,0
39,8,46678,4,696,4,0,1,3,3,0
52,31,57992,1,443,5,0,0,3,4,1
62,25,58603,51,518,2,1,1,0,0,0
60,12,49509,70,602,5,1,2,0,14,0
46,8,70374,41,542,2,1,2,2,11,0
36,4,88852,36,848,1,0,3,0,6,1
26,17,120061,52,329,4,1,2,3,12,0
48,28,56707,16,755,4,0,1,2,14,0
18,37,68406,50,784,3,1,4,3,11,1
31,23,143895,9,725,1,1,0,1,13,0
36,6,74609,68,671,4,0,3,0,8,1
56,0,81340,66,852,4,0,1,3,13,0
29,23,102657,35,615,2,1,2,1,9,0
37,22,149225,35,613,2,1,4,1,2,1
30,23,139353,86,429,5,0,4,3,8,1
22,8,107218,39,716,1,0,4,0,5,1
63,2,109748,3,528,2,0,2,1,0,1
43,18,68541,46,685,1,0,0,3,9,0
58,3,38927,59,590,3,0,0,0,9,0
53,37,51225,18,474,1,1,3,2,13,1
23,14,125760,34,852,4,1,4,0,12,1
49,15,39627,93,833,5,1,0,2,9,0
47,3,65019,9,388,3,1,0,3,0,1
20,34,110031,45,862,3,0,4,0,14,1
50,17,126926,6,843,3,0,1,2,8,0
25,0,117909,10,447,5,1,1,1,0,1
47,34,65934,42,673,4,0,4,0,10,1
26,14,31705,51,523,4,0,1,1,2,0
45,3,137743,74,609,1,0,0,0,6,0
51,22,66415,78,658,3,0,1,1,0,0
47,4,82721,63,478,1,1,0,2,9,0
22,39,137367,8,431,1,1,2,3,3,1
56,39,61996,33,682,3,0,4,2,6,1
51,16,105671,80,373,1,0,3,1,4,1
27,3,52531,67,725,1,0,4,0,3,1
21,34,118231,42,479,4,1,2,2,0,0
32,13,105618,78,855,1,0,3,2,11,1
38,25,75739,77,364,3,0,4,1,9,1
53,38,123925,49,502,3,0,0,0,7,0
46,11,108947,92,841,1,0,4,2,8,1
63,5,43865,14,504,4,0,1,3,5,1
46,28,115426,76,353,4,1,3,0,6,1
22,22,29304,2,754,4,0,4,3,12,1
33,39,38685,33,687,4,0,0,2,7,0
29,9,98649,28,562,5,0,4,3,7,1
49,14,62165,10,804,2,0,0,2,10,0
54,7,65429,37,434,3,0,0,3,3,1
30,1,30935,8,387,3,1,0,3,2,1
56,33,76189,55,463,5,0,1,1,11,0
37,6,110114,12,872,3,0,2,0,10,0
34,39,109121,90,841,5,1,2,2,10,0
54,19,58316,37,888,5,1,2,0,4,0
28,15,84565,81,503,4,1,4,0,10,1
24,33,88005,59,401,1,1,0,3,6,0
44,39,38158,77,331,1,0,0,0,3,0
54,34,114910,64,717,3,0,2,0,9,0
48,5,67305,24,826,3,0,1,1,4,0
53,20,142172,33,785,1,1,3,2,2,1
18,35,65637,66,390,1,0,1,2,10,0
56,38,143258,80,733,3,1,4,1,5,1
36,17,24552,76,552,2,0,0,1,14,0
49,12,71542,74,738,1,1,1,2,4,0
59,11,95218,63,885,3,1,3,3,7,1
49,24,42796,18,498,3,0,0,1,2,1
60,31,107216,87,847,1,0,4,3,14,1
40,22,145320,66,526,1,1,0,3,9,0
18,33,105459,6,824,4,0,2,1,0,0
24,24,109024,77,383,2,0,4,2,5,1
63,30,123194,60,809,3,1,4,0,13,1
50,23,27220,45,626,5,1,0,2,7,0
45,0,84401,93,342,1,0,3,3,3,1
18,23,28219,30,324,4,0,0,3,1,1
44,39,119754,57,816,5,1,3,2,12,1
38,35,30160,57,452,5,1,4,1,12,1
44,8,22424,68,513,2,0,2,2,8,0
19,14,23381,54,757,3,1,1,0,12,0
55,10,61052,18,680,1,1,3,2,6,1
31,29,100486,13,401,3,1,4,1,14,1
58,30,110357,53,781,3,1,2,3,13,0
36,37,43694,83,693,4,0,1,1,0,0
36,33,45428,94,319,1,1,2,3,1,0
56,39,21581,20,492,3,0,4,2,14,1
56,10,42940,61,372,3,0,4,1,11,1
41,3,65455,58,539,4,0,1,2,8,0
22,13,95041,34,520,3,1,4,2,13,1
23,9,24441,62,661,4,0,4,0,13,1
41,4,146278,89,683,3,1,4,0,1,1
20,23,87214,74,457,5,1,1,0,9,0
37,17,55058,80,548,3,1,3,3,7,1
54,0,30970,33,315,4,0,2,3,14,1
35,39,136460,61,485,1,1,3,2,5,1
39,17,148463,71,359,1,0,4,1,8,1
31,17,47457,19,516,4,1,4,3,4,1
60,32,108589,35,426,1,1,2,1,1,1
44,29,24583,74,671,4,0,4,1,6,1
50,14,104890,39,794,2,1,2,2,14,0
26,30,138067,72,772,2,0,2,0,3,0
26,38,70711,23,628,2,1,3,0,2,1
38,32,138237,16,524,5,0,3,0,12,1
64,23,57514,55,360,5,1,1,1,8,0
22,39,146280,28,725,2,1,0,2,0,0
36,0,87823,24,784,3,0,0,0,1,0
39,37,104585,27,617,2,0,0,2,13,0
57,2,146387,12,382,4,1,2,0,4,1
47,18,115261,61,834,4,1,1,1,5,0
28,0,98739,31,475,3,1,1,2,14,1
43,18,50210,62,899,1,1,2,3,13,0
41,30,80068,98,839,3,0,3,2,8,1
48,7,120758,74,302,5,1,4,3,10,1
44,6,71512,45,609,1,1,1,3,9,0
31,32,41858,81,308,3,0,2,1,0,0
29,0,70142,24,689,1,0,1,2,6,0
60,37,50906,65,636,3,0,2,3,14,0
28,39,90165,72,694,4,0,3,1,7,1
42,24,69442,18,463,2,0,2,0,10,1
42,28,32901,65,756,5,0,0,3,3,0
22,8,30151,13,749,4,1,4,0,11,1
61,31,73174,85,735,4,0,3,1,7,1
45,4,34748,39,495,4,0,2,0,12,1
31,29,116651,77,711,3,0,3,2,2,1
24,35,115086,38,351,3,1,4,2,3,1
20,35,126555,38,368,4,0,2,2,11,1
21,30,141346,84,691,5,1,3,1,2,1
47,0,21535,44,722,3,0,1,2,13,0
60,15,21667,88,308,5,0,2,1,12,0
22,7,126326,78,765,5,1,2,1,0,0
46,9,138282,14,870,3,1,0,2,7,0
53,24,26683,44,321,5,0,4,1,8,1
55,21,68257,91,301,3,1,4,1,14,1
36,27,52829,28,570,2,0,3,1,9,1
56,11,147942,47,508,2,0,3,1,2,1
31,14,69387,69,335,2,0,3,2,13,1
64,17,40876,5,338,2,1,4,3,2,1
32,12,116414,99,613,4,1,1,2,6,0
59,27,80611,32,416,4,1,0,2,0,1
24,0,117256,59,691,5,0,1,3,12,0
45,0,99055,90,418,5,1,1,0,9,0
34,16,112653,42,573,3,0,1,3,0,0
38,26,126173,64,344,4,1,3,3,13,1
41,17,58585,97,641,2,1,4,2,14,1
53,26,70302,83,376,2,1,2,3,11,0
25,31,44455,55,662,2,0,1,1,13,0
24,37,38602,88,896,3,0,3,2,11,1
39,8,50851,40,387,2,1,1,1,7,0
18,19,146261,72,717,5,0,0,3,11,0
44,17,119545,37,891,5,0,1,2,7,0
27,39,91052,40,841,4,1,1,1,12,0
59,6,104579,71,432,2,0,4,0,4,1
46,26,74770,17,743,3,0,4,1,1,1
21,23,129770,11,308,3,0,4,0,6,1
39,30,76139,26,647,1,0,2,0,14,0
51,9,58774,48,798,1,1,4,0,3,1
25,26,59909,12,456,1,0,4,3,4,1
26,30,24027,79,643,1,0,0,0,14,0
57,16,84887,64,893,5,0,1,1,3,0
51,26,139714,44,817,4,1,4,1,5,1
57,21,120165,94,479,4,0,3,2,13,1
53,17,90962,42,859,2,1,3,3,5,1
25,38,44033,24,468,4,0,1,0,5,1
59,6,70396,34,445,3,0,3,1,9,1
45,12,113461,89,351,4,1,0,3,8,0
58,2,92149,47,551,1,0,2,2,0,0
25,22,50063,26,414,4,1,1,0,6,1
54,35,78955,46,785,5,1,3,0,2,1
63,14,144075,31,665,4,0,1,2,11,0
48,34,52003,95,621,1,1,2,3,2,0
27,0,35444,87,439,2,1,2,2,0,0
42,39,98086,26,316,5,1,2,2,0,1
64,38,99990,97,645,5,0,1,3,1,0
39,18,42913,38,466,4,1,1,2,0,1
18,37,96097,7,897,3,0,1,2,4,0
37,17,127616,23,432,2,0,2,0,7,1
37,36,111538,30,713,4,0,0,3,5,0
39,3,76757,84,792,3,0,3,2,13,1
45,36,36903,32,320,3,1,1,0,9,1
51,3,20624,88,404,2,0,4,2,1,1
58,24,35686,98,354,3,0,1,0,4,0
64,16,125390,54,660,4,1,0,2,12,0
60,23,121611,16,450,1,1,1,1,12,1
39,22,126084,84,329,4,0,0,1,4,0
48,21,138297,87,585,2,1,4,1,3,1
36,33,142348,16,616,1,0,1,2,6,0
21,30,45584,79,477,5,1,4,3,2,1
53,31,26768,36,378,1,0,0,0,5,1
49,4,134338,7,878,2,1,1,0,0,0
47,38,87323,2,325,2,0,2,0,4,1
57,7,71911,9,787,3,1,3,0,13,1
40,37,92697,83,420,3,1,0,2,11,0
28,5,74128,12,507,3,1,4,3,11,1
60,38,88799,79,360,4,1,1,3,12,0
26,12,144894,81,371,3,1,4,3,9,1
49,36,27563,93,854,3,0,2,2,0,0
30,32,69292,40,315,1,1,2,3,5,0
36,17,131153,7,592,1,1,2,2,7,1
25,29,49775,27,854,1,0,3,1,1,1
41,14,93155,74,350,3,1,3,2,1,1
26,35,115486,77,417,3,0,4,1,12,1
41,35,100310,65,310,1,0,2,0,9,0
64,31,39525,35,484,1,0,3,1,8,1
52,30,31217,27,777,1,1,2,2,12,0
48,30,62409,83,782,3,0,2,0,4,0
21,32,145599,39,812,1,0,2,1,14,0
60,32,132850,92,581,4,0,0,2,0,0
22,20,86209,9,368,5,0,3,3,8,1
33,6,39145,19,724,5,0,3,2,0,1
42,10,63657,25,685,1,0,0,1,2,0
48,35,21752,6,690,3,0,3,2,13,1
60,36,98312,56,442,3,0,0,1,14,0
44,9,142314,46,750,1,1,0,1,9,0
52,38,145279,3,325,5,0,0,1,5,1
63,7,117895,25,662,3,1,3,1,7,1
41,7,142881,48,475,1,1,4,3,14,1
58,35,84787,58,781,3,0,1,0,0,0
53,3,127787,40,429,3,0,1,0,6,0
34,18,101736,80,577,4,1,1,1,8,0
41,34,69577,38,529,4,1,2,1,12,1
44,19,41783,52,745,3,0,4,3,11,1
32,21,141066,10,617,5,0,2,1,3,0
41,23,110147,38,319,2,0,1,1,4,1
42,0,33370,9,447,5,1,0,1,12,1
42,1,45373,70,440,1,0,4,2,5,1
33,21,39598,16,762,3,0,4,0,1,1
21,21,33030,57,890,2,0,3,3,10,1
27,39,92449,67,849,1,1,0,2,0,0
64,12,143697,38,563,2,0,0,2,2,1
38,2,141694,23,747,2,1,2,2,2,0
20,38,110791,76,397,4,1,3,0,14,1
48,13,37905,19,645,3,1,0,0,5,0
30,19,137659,7,515,3,0,2,1,12,1
43,2,55641,78,532,2,1,1,3,3,0
18,14,108851,72,647,2,0,0,0,4,0
51,21,115520,35,681,4,0,2,0,2,0
52,22,61227,41,827,3,0,0,1,6,0
31,37,121487,53,371,5,1,3,2,7,1
29,13,94675,25,480,5,1,4,1,9,1
44,15,92680,50,481,2,0,0,0,1,0
42,20,46583,7,423,5,1,1,3,8,1
61,38,117749,33,822,3,0,4,0,9,1
59,25,148960,67,681,2,0,3,2,8,1
31,27,69612,13,754,4,1,1,2,10,0
58,29,97500,59,608,1,0,1,0,9,0
49,15,37015,87,875,4,0,2,2,8,0
56,9,72616,33,829,4,0,0,0,1,0
33,29,140103,49,785,4,1,3,0,12,1
43,24,99956,46,840,4,1,4,2,7,1
59,0,95622,56,523,2,0,3,2,7,1
49,13,20097,33,605,4,1,0,0,4,0
64,30,20658,27,322,5,0,4,1,10,1
51,39,68387,16,643,5,1,0,1,8,0
56,34,114638,60,513,1,0,4,2,6,1
46,3,139976,57,575,4,1,2,0,9,0
61,0,124927,31,432,4,0,3,0,12,1
38,16,129482,67,707,2,1,0,3,13,0
32,28,74078,28,838,1,1,2,2,14,0
27,0,52279,94,822,4,0,4,3,3,1
60,9,119216,21,703,1,0,4,2,7,1
21,26,114424,49,470,1,1,3,2,10,1
35,36,80959,39,418,1,0,2,3,0,1
33,38,111617,23,644,5,1,2,2,13,0
21,38,26219,65,709,1,1,4,2,1,1
24,17,68467,62,553,5,0,2,0,6,0
60,13,65675,85,640,4,0,3,0,4,1
23,9,127270,88,805,3,0,4,2,2,1
38,38,120370,68,334,2,1,3,1,11,1
31,25,133709,70,743,3,0,3,0,9,1
42,17,36448,67,548,1,1,3,3,6,1
64,5,39765,8,833,5,0,2,1,2,0
33,25,73461,16,425,3,1,0,0,5,1
54,5,69323,26,517,3,1,4,1,0,1
34,29,92048,95,614,3,0,3,1,10,1
27,26,116889,63,359,1,0,2,0,10,0
37,12,136530,28,754,5,0,0,2,14,0
42,20,24010,94,349,5,1,4,0,5,1
36,24,121997,19,415,5,1,3,3,8,1
32,31,24749,91,893,5,1,0,1,12,0
24,1,29095,85,814,1,0,0,3,0,0
45,10,93600,74,597,2,0,3,1,3,1
41,31,26021,80,470,4,0,3,3,4,1
23,5,35342,37,574,2,0,1,3,10,1
22,31,102682,1,789,1,0,0,0,0,0
41,10,131501,13,463,2,1,1,3,9,1
64,37,36136,24,875,5,0,0,3,2,0
57,25,105542,98,803,1,1,3,0,9,1
20,8,149218,10,359,5,0,3,3,14,1
31,23,47579,47,716,3,0,4,0,9,1
60,22,28822,87,327,2,1,1,2,4,0
44,24,114177,76,632,5,1,2,0,9,0
42,3,48019,75,772,1,1,3,1,6,1
35,28,99470,6,691,3,1,2,0,2,0
41,24,37986,70,689,2,0,0,1,3,0
19,20,127781,43,387,2,1,2,0,13,0
63,1,30856,4,726,4,0,3,1,5,1
39,23,115641,34,505,3,0,0,0,6,1
35,9,52984,77,674,2,1,4,0,13,1
51,11,70694,21,857,1,0,3,2,14,1
61,21,106287,58,687,4,1,0,0,12,0
29,23,108650,2,497,3,1,2,3,11,1
52,30,89051,67,654,3,0,0,2,6,0
20,0,143373,80,737,1,0,1,1,1,0
50,14,77235,78,505,2,1,2,3,1,0
44,23,117202,62,714,4,1,1,2,7,0
37,7,105014,78,748,1,0,3,2,13,1
44,22,130466,79,322,2,0,1,0,4,0
44,18,138250,86,731,1,0,3,3,10,1
25,0,84459,51,620,2,0,3,2,8,1
53,34,71943,86,525,2,1,1,3,0,0
49,2,67857,17,463,3,0,1,2,8,1
33,36,22044,2,693,4,0,2,0,9,0
46,28,83435,22,721,4,1,3,2,11,1
30,6,89554,58,731,3,0,1,1,7,0
64,6,29257,23,810,5,1,3,1,10,1
41,2,93480,17,841,5,1,0,2,2,0
24,12,97999,68,666,1,1,2,0,3,0
23,26,44275,38,362,1,0,1,1,6,1
46,4,99387,61,565,4,0,4,2,4,1
52,0,54185,79,774,4,1,3,0,3,1
41,34,55142,81,753,3,1,2,0,3,0
39,12,43442,91,476,1,0,1,1,5,0
28,8,42862,1,354,4,0,1,0,2,1
33,23,64485,38,337,5,0,3,3,14,1
32,27,49555,77,301,4,1,1,3,7,0
41,15,93149,81,860,1,1,1,0,2,0
19,11,110835,82,652,4,1,2,3,1,0
38,21,84547,8,710,3,1,4,0,7,1
29,26,25667,61,579,1,0,1,2,7,0
30,24,34136,93,368,2,0,2,3,3,0
44,29,33109,24,600,4,1,3,3,6,1
36,19,57398,13,471,3,0,2,1,14,1
63,5,147373,51,382,4,0,3,3,3,1
19,38,38608,16,469,4,1,4,1,11,1
46,19,121525,64,427,3,0,1,0,3,0
41,10,114200,9,500,1,0,0,3,6,1
56,31,39207,3,478,5,1,0,1,5,1
38,5,53905,43,405,1,1,2,0,1,0
51,11,93594,18,456,5,0,0,0,10,1
64,35,102047,16,319,3,1,4,2,14,1
48,20,48543,51,590,3,0,3,3,5,1
18,9,97190,26,454,4,0,4,2,7,1
32,12,35181,64,500,5,1,4,3,5,1
51,35,91068,52,581,5,0,2,1,2,0
62,16,76363,55,707,3,1,1,0,1,0
34,9,72692,28,489,3,1,2,1,14,1
18,20,128998,45,687,1,0,3,2,14,1
63,39,85273,59,481,3,0,3,0,13,1
63,21,55809,80,321,3,1,3,2,12,1
48,7,76604,5,778,3,1,1,1,10,0
36,3,109084,12,788,3,1,4,3,6,1
54,3,144361,37,713,2,1,4,0,8,1
28,28,136953,22,578,2,0,3,1,0,1
63,23,47142,93,854,2,1,1,0,3,0
42,15,98261,10,585,1,0,3,3,10,1
32,28,127405,91,727,4,0,0,0,14,0
57,39,36895,22,531,5,1,0,3,5,1
53,16,34152,13,701,1,1,4,0,12,1
51,18,41609,46,657,5,0,2,3,1,0
60,18,111062,98,304,1,1,2,3,6,0
18,2,106105,29,888,3,1,1,0,8,0
23,30,123218,40,366,5,0,4,3,14,1
44,21,95430,3,785,1,1,2,2,0,0
30,1,146137,48,814,4,0,1,2,2,0
60,15,94146,71,524,3,0,3,2,3,1
38,36,81124,51,709,4,0,1,3,10,0
64,30,85473,19,354,5,0,4,1,7,1
42,15,141395,92,329,5,0,2,3,3,0
22,22,109368,93,800,2,0,3,0,14,1
36,33,91654,37,702,4,1,1,0,4,0
46,15,59911,83,546,1,0,0,2,1,0
37,27,34421,74,719,5,1,3,2,5,1
33,37,128026,57,872,3,0,1,3,10,0
35,5,77007,66,633,4,0,1,0,3,0
25,0,74897,5,479,3,0,2,3,13,1
57,34,40774,48,341,5,0,3,3,6,1
18,23,126964,39,610,3,1,2,3,5,0
20,26,96966,80,665,4,1,2,2,10,0
44,24,138175,76,798,2,0,1,2,9,0
22,16,35694,19,526,4,0,2,0,0,1
34,2,84334,50,395,3,0,3,2,3,1
31,0,112040,64,566,3,1,3,3,7,1
22,9,70596,71,874,2,1,3,3,12,1
48,37,26751,55,491,4,1,2,0,2,0
38,31,117864,43,882,2,1,1,3,8,0
54,31,43845,70,433,4,0,1,1,14,0
52,31,70381,42,899,4,0,0,2,3,0
54,39,110234,21,756,1,1,0,0,11,0
49,14,95815,17,506,4,0,3,0,8,1
62,2,144051,1,789,2,0,3,1,4,1
53,35,138211,40,405,3,0,0,0,5,0
50,32,91071,68,653,1,0,3,0,3,1
23,32,149350,36,422,2,0,4,3,13,1
51,31,31712,22,427,5,0,3,0,9,1
18,16,42839,87,457,5,1,1,1,14,0
27,19,132571,52,531,3,1,1,2,0,0
49,28,102232,91,394,5,0,0,1,11,0
53,31,32570,65,684,1,1,1,2,7,0
42,27,69388,4,443,4,0,0,1,3,1
56,11,76281,9,431,3,1,3,1,11,1
29,37,117357,60,895,4,1,1,3,9,0
62,38,67262,2,632,1,0,1,2,2,0
61,23,86151,10,349,1,1,1,0,8,1
25,16,70356,62,762,3,1,0,3,0,0
50,9,27512,25,747,3,0,0,0,0,0
47,0,28223,38,447,2,1,0,3,13,1
58,19,147571,96,885,5,0,3,2,4,1
42,26,33800,71,774,1,1,3,3,4,1
61,2,141003,52,485,3,0,3,0,1,1
28,38,113312,83,566,5,0,4,0,6,1
48,21,22099,84,416,1,1,2,2,10,0
36,30,42282,74,684,3,0,2,0,5,0
28,22,126312,6,394,3,0,2,3,4,1
57,31,120775,58,435,1,1,3,0,12,1
24,30,135816,19,612,5,1,1,2,8,0
25,36,125420,46,311,5,1,2,2,10,0
33,15,35885,63,478,5,1,1,2,8,0
30,21,112229,87,410,5,0,2,3,0,0
18,28,41957,79,443,2,0,4,0,3,1
