age,income,balance,transactions,credit_score,tenure,churn
56,97879,80201,74,653,6.0,0
69,59859,8640,61,399,1.7,0
46,67098,161121,95,577,7.4,0
32,137413,136690,8,790,3.0,0
60,15526,187125,67,554,6.6,0
25,83760,132992,63,680,1.6,0
38,62837,43937,9,841,6.9,0
56,26536,143279,94,563,1.3,0
36,43541,196846,11,628,4.3,0
40,94083,164044,99,414,2.5,0
28,49531,141871,42,575,7.5,0
28,23712,159988,13,787,2.6,0
41,119101,70463,36,580,8.8,0
53,80455,93500,13,574,8.9,0
57,89744,37158,12,627,2.0,0
41,144749,84607,37,510,6.1,0
20,20109,119639,74,325,0.9,0
39,64268,71696,73,326,3.9,0
19,69615,61510,52,382,7.1,0
41,97503,120076,71,712,6.6,0
61,100708,58692,2,466,6.2,0
47,117471,130841,56,468,2.8,0
55,98309,192816,60,528,3.8,0
19,141446,15810,23,666,1.0,0
38,121661,136198,40,827,7.2,0
50,21154,161081,64,837,5.0,0
29,79288,111718,85,823,7.1,0
39,66195,90932,23,371,2.5,0
61,35581,192,29,405,3.2,0
42,45087,36413,78,581,3.3,0
66,84298,143888,90,432,0.3,0
44,61167,39082,51,833,3.4,0
59,54499,65048,69,568,8.0,0
45,140816,123130,95,711,9.0,0
33,111347,50940,89,317,5.2,0
32,63787,163202,31,416,4.6,0
64,50488,40142,50,443,0.3,0
68,89441,36468,20,721,8.8,0
61,37431,161770,55,668,0.1,0
69,76681,141727,81,349,9.4,0
20,137720,178969,2,405,4.9,0
54,64153,161147,25,515,3.4,0
68,21368,140431,13,724,9.2,0
24,127360,129048,92,371,0.2,0
38,127755,42056,70,745,5.8,0
26,71985,51831,67,485,5.5,0
56,65069,59191,58,369,2.2,0
35,67326,121948,99,449,4.3,0
21,123737,164344,82,545,6.5,0
42,65861,108117,75,837,7.3,0
31,90897,14671,84,398,0.0,0
67,142118,27048,64,577,9.4,0
26,83577,25963,69,754,1.6,0
43,24078,43954,83,403,2.3,0
19,77768,95430,86,532,2.6,0
37,66047,717,59,693,0.4,0
45,86626,11676,60,800,1.2,0
64,72660,135506,83,550,9.9,0
24,147997,180882,62,820,3.2,0
61,132832,118696,16,378,1.2,0
25,145406,130830,88,351,1.1,0
64,140150,4994,68,525,7.2,0
52,48320,4234,15,350,8.5,1
31,79881,69300,89,485,2.6,0
34,105827,43949,55,333,0.2,0
53,117215,37405,35,430,2.2,0
67,149461,34872,55,742,0.6,0
57,76550,42215,14,731,1.0,0
21,39826,23185,49,796,4.3,0
19,115734,174514,83,702,2.3,0
23,113511,182831,7,622,5.2,0
59,26653,41153,30,509,2.5,0
21,96941,77535,83,628,9.4,0
46,48662,133653,49,671,9.1,0
35,113818,51717,89,759,5.7,0
43,110081,2763,16,432,3.5,1
61,51877,92910,51,420,3.8,0
51,126562,55480,72,751,4.1,0
27,87715,169831,82,428,7.3,0
53,125091,118094,92,390,4.5,0
31,147632,156379,80,328,8.6,0
48,94148,11064,83,823,9.4,0
65,98186,76848,42,632,3.4,0
32,138629,37548,17,596,5.6,0
25,85316,168017,63,429,1.0,0
31,43380,179009,45,592,2.0,0
40,125198,6476,77,472,4.1,0
57,17356,182828,7,323,2.1,0
38,85326,90101,27,398,8.8,0
33,107447,2382,10,705,1.6,0
62,129994,180755,34,655,4.6,0
35,35049,176348,36,438,6.1,0
64,120361,164474,25,802,6.9,0
41,31082,158018,6,473,3.8,0
43,15661,79698,24,328,8.7,0
42,17920,153407,18,795,5.7,0
62,94561,45095,87,650,4.4,0
58,23946,129974,6,598,0.7,0
46,31309,27197,29,491,4.6,0
32,70230,127619,25,363,8.2,0
62,126822,22010,55,514,6.1,0
18,127340,155195,81,465,8.3,0
42,74321,87923,46,842,4.9,0
24,147028,133962,24,531,1.2,0
26,89131,130526,75,840,0.1,0
41,40963,109162,26,494,3.0,0
18,116757,120927,98,805,7.0,0
61,114259,8026,28,633,7.9,0
25,54063,64925,3,603,3.0,0
41,129225,68842,75,736,5.0,0
28,131400,33665,38,622,4.2,0
68,95818,9277,61,801,4.1,0
34,19703,173311,78,692,2.3,0
25,87099,178736,51,448,1.4,0
52,46585,48008,90,704,2.0,0
52,58585,14683,48,582,0.6,0
50,41958,131742,21,661,2.0,0
22,41017,148961,54,678,0.1,0
59,139677,186684,56,497,6.3,0
56,44426,175607,94,655,3.2,0
58,32778,78542,59,839,9.7,0
45,57229,54319,72,728,1.9,0
24,101652,92067,51,316,3.5,0
26,143267,152711,20,678,3.6,0
25,141503,195784,96,805,0.1,0
29,99878,147705,86,375,8.4,0
51,72056,165732,59,530,0.3,0
50,34975,68975,71,547,9.4,0
65,103397,163244,9,601,8.9,0
40,48142,190269,1,514,5.4,0
41,41916,101158,29,457,5.4,0
54,79324,189919,63,368,6.5,0
52,140932,11577,72,692,3.9,0
61,111059,77299,56,384,6.5,0
57,113317,20176,68,566,0.4,0
39,50046,175458,35,368,0.5,0
44,116459,63972,3,646,4.6,0
52,60893,120018,7,722,5.5,0
18,116520,172075,27,473,8.9,0
52,140818,19996,1,414,1.0,0
54,76272,100922,91,519,8.2,0
64,82649,86598,80,330,2.1,0
31,79674,35931,71,822,3.9,0
20,101475,124168,44,642,3.2,0
18,76367,166782,87,676,4.0,0
22,136750,123099,41,429,1.5,0
43,133154,34693,75,838,5.0,0
31,59738,166812,42,301,8.0,0
56,48397,108944,33,400,4.4,0
44,97189,17374,50,832,4.9,0
26,91367,81471,63,357,8.5,0
32,135585,45913,37,688,7.1,0
32,91619,123683,59,640,4.9,0
43,126453,197097,81,319,2.6,0
59,34816,44516,99,554,8.8,0
30,94530,87796,48,616,5.8,0
68,123856,26069,5,337,2.2,0
49,86635,118333,48,836,2.7,0
56,122803,187305,96,685,8.0,0
66,50946,84811,3,325,0.4,0
69,70204,190121,47,753,9.9,0
49,30563,118028,62,622,1.3,0
21,107324,39178,99,812,8.0,0
47,24847,32821,14,312,3.9,0
54,41155,182799,63,670,4.9,0
40,94671,192007,61,590,8.8,0
56,131891,16999,31,631,4.1,0
62,98310,193594,95,560,5.4,0
32,146691,38712,17,504,0.5,0
60,49707,195623,24,686,0.0,0
46,96537,171244,23,767,2.4,0
53,106155,33722,82,714,6.8,0
30,15281,10625,50,368,1.2,0
49,147130,198237,78,771,1.1,0
24,91260,6859,79,403,4.1,0
68,79178,172681,79,460,6.5,0
39,48997,174379,70,499,7.1,0
45,134273,110986,27,515,1.8,0
19,147311,21839,15,511,0.8,0
59,141945,27216,50,807,9.4,0
62,60272,52953,36,315,2.6,0
23,104393,191665,8,797,8.5,0
45,76212,49522,79,631,8.6,0
45,135030,135958,3,555,7.7,0
61,71503,111249,62,471,1.7,0
61,21570,7485,47,797,8.2,0
37,83785,162527,77,770,7.7,0
47,24110,147839,98,683,6.0,0
28,94141,112701,88,806,3.4,0
45,27115,159525,96,826,2.6,0
42,54062,102638,61,624,1.2,0
56,37911,184514,32,513,5.1,0
50,119061,182949,94,507,5.9,0
18,47556,12226,13,468,3.6,0
44,143335,93405,1,629,4.8,0
69,16969,22588,34,579,3.6,0
30,58753,162781,62,604,6.4,0
58,136863,178860,79,445,9.0,0
20,25225,37019,78,815,1.6,0
56,138008,176020,93,389,3.8,0
23,120823,65133,98,752,1.4,0
25,28669,114444,82,359,6.2,0
44,139398,197530,71,610,7.3,0
26,125677,117603,93,827,9.3,0
54,63320,158598,31,526,2.8,0
50,140354,128585,64,773,9.5,0
68,103009,183270,25,840,0.6,0
59,43625,43395,38,378,6.0,0
61,39089,155103,14,732,0.6,0
41,51487,125814,8,452,8.9,0
32,125448,168773,91,700,5.3,0
49,65138,112599,54,578,6.7,0
49,69061,25939,2,356,8.3,0
41,116376,180217,81,485,1.5,0
58,94134,151396,78,697,0.4,0
69,62055,153939,89,457,8.8,0
66,34508,203,56,658,3.1,0
66,125169,147616,94,739,1.3,0
69,23125,146971,93,765,4.7,0
29,51059,29063,84,745,6.0,0
56,118409,90880,85,787,0.3,0
19,20704,3748,61,829,2.7,0
20,126279,117269,22,372,0.3,0
66,133516,197701,35,316,4.2,0
54,129044,80764,16,830,9.0,0
66,44165,151956,50,625,9.8,0
34,82203,156255,43,845,6.4,0
66,19114,108036,17,501,1.6,0
19,51321,150331,80,643,9.1,0
19,88297,167031,58,822,5.2,0
45,111652,116525,2,699,1.5,0
40,114304,164529,4,517,9.2,0
54,32772,85679,85,744,7.6,0
49,118754,125829,39,521,7.3,0
50,18712,128216,98,682,7.1,0
18,147439,133175,94,306,2.0,0
36,130142,65901,6,571,2.1,0
19,106736,175607,81,315,6.9,0
61,66924,147175,89,723,2.2,0
43,18726,98046,69,823,4.4,0
49,104152,90012,69,320,7.8,0
23,42723,78278,20,527,7.8,0
49,141969,12391,64,587,4.5,0
21,115494,102476,16,433,7.9,0
28,50643,159973,51,582,8.4,0
34,118896,120721,37,703,6.5,0
55,108680,97537,73,365,2.3,0
41,111546,81159,69,736,2.7,0
22,94973,198986,42,558,3.1,0
69,78449,131040,57,402,1.2,0
51,124834,181429,66,400,2.7,0
23,40537,169509,9,497,2.1,0
39,92576,35503,86,525,4.6,0
28,122522,75403,64,762,9.1,0
65,37612,172330,86,536,1.0,0
33,21471,164796,22,325,7.2,0
50,46348,64286,34,420,6.9,0
26,16177,74842,55,805,1.0,0
23,47779,104927,29,481,9.2,0
33,36636,14908,38,842,5.7,0
46,96889,181698,97,614,3.6,0
20,68551,37228,18,572,7.6,0
37,61819,23386,71,531,2.6,0
53,88770,177826,65,719,6.9,0
36,93714,28302,97,741,0.4,0
43,39596,60815,1,795,8.4,0
20,79106,63344,88,323,4.5,0
36,74182,166690,4,408,6.4,0
37,102163,111603,4,801,2.2,0
49,54310,61114,82,324,6.8,0
24,71088,25525,27,486,7.7,0
69,143803,79818,43,587,4.7,0
58,51914,114589,59,637,6.2,0
50,125350,145406,32,336,4.6,0
57,60379,94715,33,436,8.9,0
56,61413,193839,28,807,5.0,0
35,22151,6644,55,526,8.4,0
57,72716,101154,60,619,8.0,0
18,108747,164005,70,481,4.1,0
28,136999,43469,62,385,2.3,0
45,129793,164759,80,766,4.1,0
42,123177,106609,34,352,8.3,0
67,27289,183728,87,534,2.3,0
40,101365,148447,88,732,5.2,0
48,129014,65206,56,795,8.1,0
47,87588,96462,13,399,3.5,0
59,78646,167679,56,702,6.4,0
52,18654,83178,18,695,2.5,0
24,33743,155065,54,826,1.1,0
33,63368,175458,77,714,7.9,0
43,134735,177359,43,762,1.0,0
65,134891,86724,39,840,2.7,0
69,122971,96393,61,663,8.6,0
66,27149,127314,42,429,3.5,0
19,115102,76312,81,383,9.7,0
18,74189,75324,79,570,9.8,0
65,86031,71196,18,543,2.7,0
29,57668,70014,23,687,0.4,0
22,103204,139282,54,513,7.1,0
54,52384,141994,30,465,4.5,0
49,96929,167361,98,358,1.0,0
26,142959,33340,58,803,7.1,0
58,91153,39850,68,422,0.3,0
52,90388,188056,67,712,8.7,0
36,46401,113711,71,438,1.4,0
65,134503,11094,18,528,1.3,0
33,142834,87959,7,573,1.8,0
20,49084,164490,40,738,9.6,0
37,125641,5741,70,417,6.9,0
41,120111,111585,86,782,8.0,0
50,51041,122564,65,694,4.0,0
41,103920,68798,68,759,3.4,0
69,80681,116026,49,377,2.3,0
28,96571,110130,52,711,4.8,0
66,142556,22164,29,374,5.5,0
25,41160,166667,21,594,6.3,0
53,32633,30257,90,320,2.6,0
55,32014,145283,78,470,9.5,0
57,95532,95989,9,314,1.7,0
37,64104,136304,47,510,9.7,0
52,92231,198825,76,385,0.1,0
65,83388,52691,42,448,4.8,0
42,31014,79768,51,671,3.3,0
52,107578,156685,56,779,4.5,0
42,55390,14026,51,450,5.7,0
46,38711,184607,70,440,4.4,0
35,106658,30908,20,368,4.1,0
63,72993,183185,88,559,7.3,0
35,22421,19610,27,820,6.9,0
19,32727,177718,38,670,8.3,0
52,127418,63185,72,718,2.5,0
33,19358,72567,65,400,6.1,0
58,80108,178646,54,542,5.9,0
53,109018,36182,24,811,3.7,0
50,139457,116136,47,394,4.9,0
21,46910,131642,71,525,3.1,0
50,141888,19288,83,817,1.4,0
31,70754,78824,86,513,2.1,0
38,124847,160949,63,366,1.1,0
65,53467,84425,57,695,6.8,0
37,48893,917,55,311,6.6,0
25,91329,75602,60,536,9.5,0
24,46007,64575,99,698,7.3,0
20,69253,72518,62,706,0.5,0
34,27323,39104,30,779,8.8,0
50,126335,149134,93,521,8.6,0
65,127356,16999,22,455,4.4,0
29,125944,192917,75,727,5.9,0
68,31456,141013,84,457,9.8,0
39,46367,61169,29,715,5.3,0
39,69624,154542,41,625,9.1,0
63,83008,129744,42,670,0.8,0
47,140926,110684,98,643,1.9,0
55,130395,59821,65,561,4.4,0
55,131492,175507,31,582,5.8,0
62,87240,135601,30,528,8.2,0
68,79315,12192,18,579,9.9,0
25,25756,74102,17,589,3.9,0
44,51378,114894,38,346,0.5,0
44,140703,86795,14,513,8.0,0
51,71549,165159,87,323,6.0,0
38,88794,66677,89,620,2.0,0
47,60113,135699,79,573,4.9,0
50,89069,187613,56,612,7.4,0
45,140541,199298,22,662,7.7,0
64,24686,134327,67,679,5.0,0
50,68363,188505,56,769,3.1,0
22,112543,136285,19,415,9.7,0
65,146733,102412,57,341,6.6,0
36,110673,19404,44,678,4.1,0
21,57828,116545,98,505,2.8,0
52,63604,156452,35,765,7.3,0
66,25526,150245,1,579,2.4,0
34,83910,184099,52,417,1.7,0
61,40592,23989,85,536,5.3,0
45,43982,108106,93,608,2.9,0
47,15207,24519,70,755,6.3,0
46,103733,22439,37,774,1.2,0
63,139982,118570,65,399,6.5,0
23,83619,14995,51,560,2.8,0
52,61479,23559,1,604,0.0,0
58,96437,89049,91,653,1.3,0
54,113540,136093,21,585,9.3,0
41,87982,98000,53,627,8.7,0
46,117747,152191,16,402,2.3,0
66,63231,182611,61,362,7.8,0
63,44301,39350,54,581,6.1,0
48,33752,177295,40,740,9.7,0
52,113452,25517,26,592,3.7,0
50,136237,153322,80,306,6.8,0
69,71273,89132,92,391,0.6,0
38,106878,197870,65,489,4.0,0
49,19895,185271,74,775,9.6,0
40,134968,59546,64,810,5.4,0
50,130700,105686,43,761,2.9,0
20,91559,88151,17,352,1.2,0
35,25699,3327,59,785,7.0,0
42,24715,120318,23,789,6.4,0
59,34169,160840,7,663,3.7,0
48,133413,195490,44,411,9.5,0
20,134264,173860,53,708,0.2,0
57,20782,115945,71,306,3.0,0
63,139481,46830,79,496,9.2,0
41,50585,52446,34,666,3.2,0
67,45682,146232,46,549,2.5,0
49,144992,187655,68,539,5.3,0
64,99416,165070,78,679,8.2,0
39,142810,158302,78,770,1.0,0
40,53067,140148,16,754,9.4,0
19,33073,69341,71,665,8.0,0
44,51035,31085,96,589,1.8,0
59,105373,55571,19,702,7.1,0
19,98362,145787,2,357,3.8,0
43,105517,128308,10,820,4.0,0
34,80450,5750,50,603,7.8,0
57,25382,113931,81,414,9.6,0
50,76929,78768,12,509,1.3,0
26,113864,35903,70,340,4.2,0
60,40169,163165,22,472,4.8,0
65,102468,91036,32,533,3.8,0
56,49594,87954,84,702,3.6,0
46,60033,165386,1,338,0.5,0
59,78133,179297,54,418,6.9,0
43,88861,83014,58,634,4.4,0
52,46750,166251,70,635,1.9,0
67,55461,117305,83,838,8.2,0
42,93222,156410,18,373,8.0,0
41,127020,32101,6,490,4.9,0
30,39226,2775,45,623,3.0,0
24,21721,111497,97,446,6.4,0
53,35609,45619,23,583,2.9,0
62,145513,176910,23,512,2.4,0
37,119211,150611,26,693,7.3,0
18,139865,57124,77,638,0.4,0
25,89520,65149,7,321,0.9,0
63,79309,26616,79,404,0.1,0
33,44984,185639,44,765,1.5,0
31,133947,168171,27,758,0.7,0
29,20901,61799,26,731,10.0,0
68,46055,90221,97,520,2.9,0
40,129099,114879,79,678,1.5,0
32,26138,25479,36,521,2.4,0
45,38429,177244,55,557,9.4,0
51,65200,99165,64,666,5.2,0
19,116268,55863,91,648,3.6,0
49,32347,173115,57,524,8.7,0
40,46822,82569,69,535,3.9,0
39,55108,146480,61,482,3.4,0
68,143955,189052,2,743,2.1,0
42,22967,16351,55,305,3.8,0
39,125719,135203,97,535,3.2,0
39,26871,44825,80,426,6.8,0
66,43179,11349,87,403,2.9,0
69,70099,192003,38,779,5.8,0
59,50262,44254,80,454,0.7,0
23,93213,38225,78,556,1.9,0
32,132407,12453,29,534,4.1,0
60,101269,149886,26,799,9.4,0
54,75545,149335,35,588,3.8,0
50,54922,77694,79,809,6.6,0
25,57913,15735,67,597,2.6,0
61,112033,146902,87,436,1.3,0
61,119792,47893,29,675,0.6,0
22,134863,175745,34,386,3.1,0
56,59936,127006,97,718,1.6,0
21,43141,45066,41,498,1.7,0
23,112359,134445,41,762,7.6,0
62,138279,141407,23,736,0.2,0
49,56568,154813,71,609,5.6,0
69,112539,10692,3,580,3.8,0
47,61851,178367,58,622,5.1,0
64,69823,45541,32,451,5.6,0
52,38312,165129,31,601,3.1,0
57,113723,66983,82,577,3.0,0
69,27411,150655,43,307,7.3,0
33,72009,153837,7,534,8.7,0
30,47371,190359,1,601,1.9,0
67,72022,154978,61,337,1.0,0
59,86229,120747,14,435,9.0,0
47,114071,85103,52,720,3.5,0
36,111774,177597,96,518,5.5,0
34,41715,169302,6,647,3.6,0
36,42605,150592,10,845,1.3,0
45,114853,183006,71,378,5.9,0
43,46174,25566,90,572,5.3,0
54,91373,73193,98,460,2.0,0
43,84252,161206,30,607,4.5,0
40,85017,141417,21,673,8.0,0
26,78037,121015,60,308,5.9,0
29,104818,172257,81,743,1.0,0
18,21548,130956,97,412,5.5,0
18,131981,70744,74,504,7.0,0
64,39022,33455,63,704,7.9,0
51,121297,159090,42,496,6.3,0
49,75428,54219,51,414,1.5,0
65,74353,45991,64,420,7.1,0
42,128132,73616,76,364,6.8,0
57,31052,87438,56,575,0.2,0
62,115689,116841,80,538,4.1,0
18,146743,140558,41,601,3.3,0
33,15163,169934,32,691,6.7,0
56,56424,58870,15,821,2.2,0
22,37420,86694,62,668,5.9,0
39,135575,43856,27,532,9.1,0
46,44300,101407,28,494,8.0,0
20,104881,31379,81,311,9.2,0
29,25749,64729,64,476,9.8,0
43,119131,159450,59,516,0.1,0
33,143563,54353,58,310,6.2,0
68,52487,181068,2,745,4.1,0
54,36223,14031,36,463,8.6,0
39,87930,65982,71,352,2.5,0
46,43380,36683,13,517,9.8,0
31,41035,114091,15,659,6.1,0
45,45620,117797,89,684,7.9,0
22,132360,148690,87,355,0.9,0
64,68352,6587,60,417,1.8,0
66,18191,62790,22,552,7.6,0
47,105536,31480,63,479,0.2,0
63,119576,151599,90,714,8.2,0
69,18631,23569,97,534,0.1,0
22,57080,11151,75,379,6.6,0
29,105353,190246,74,321,3.7,0
33,43671,44739,25,776,6.1,0
43,137811,32954,48,739,7.0,0
43,142734,109373,43,392,3.4,0
65,66399,166375,38,491,1.1,0
38,22099,34700,41,402,0.7,0
56,71492,123728,45,695,5.9,0
53,111722,198640,88,306,5.2,0
50,45111,66788,40,530,7.4,0
47,78936,71045,97,539,5.1,0
54,75920,168914,17,389,4.2,0
40,78530,144972,88,531,4.0,0
27,22788,127992,57,756,0.3,0
22,43082,80059,2,532,3.4,0
53,138287,1881,96,653,9.8,0
51,104570,164109,62,632,8.7,0
69,116015,132702,88,738,3.3,0
48,98588,20789,9,674,5.9,0
27,103340,126083,68,591,8.5,0
36,109439,88059,81,644,4.4,0
49,130053,46151,17,727,0.2,0
18,63355,179992,50,429,0.7,0
22,140426,109388,94,440,5.1,0
62,79027,198303,40,714,9.7,0
21,107601,3262,58,392,6.9,0
33,44956,66981,75,583,0.7,0
41,119797,120951,85,522,1.9,0
33,139917,123099,21,762,7.7,0
19,141303,81972,18,844,8.4,0
66,57533,75485,55,575,6.2,0
45,93815,54722,29,439,6.4,0
49,54279,89499,24,656,0.3,0
44,124787,181890,74,322,8.3,0
37,76063,161004,17,569,7.9,0
41,142896,6901,18,632,2.6,0
29,112661,117473,42,384,7.1,0
67,138257,8597,84,330,2.1,0
52,101205,129631,45,539,0.4,0
50,21910,63909,82,662,2.0,0
50,61857,72391,17,688,1.8,0
68,49964,139335,73,598,3.4,0
60,32153,63293,14,670,4.2,0
54,74765,156877,49,398,5.1,0
29,123212,11874,29,346,4.8,0
20,54071,86402,95,721,2.7,0
18,127990,14079,4,779,0.3,0
50,84519,180922,82,361,6.1,0
57,24503,72779,20,408,4.0,0
27,110457,95408,47,848,3.0,0
60,60838,140090,9,418,8.7,0
61,140200,120606,77,681,7.5,0
46,104489,180572,79,691,8.6,0
30,41806,120062,27,351,4.9,0
29,85119,12100,15,588,1.3,0
48,53714,57021,92,636,7.0,0
63,70419,150872,19,503,2.1,0
19,120432,128126,90,537,4.4,0
68,107949,194472,52,681,0.7,0
67,148533,92446,26,435,8.3,0
52,91971,29437,89,706,1.3,0
40,108471,177747,26,807,9.0,0
34,79946,151014,26,661,8.6,0
43,113989,20862,46,680,4.6,0
25,99080,11669,92,553,7.4,0
46,92794,121219,49,776,6.2,0
43,45841,184844,82,413,8.0,0
27,139447,15916,96,319,4.3,0
43,135029,10878,53,827,7.9,0
51,91272,2985,3,444,4.6,1
68,52643,41235,66,507,9.4,0
58,58950,18931,97,830,4.9,0
24,115500,92876,42,675,4.6,0
21,140588,336,19,803,7.9,0
67,30997,42933,17,465,8.2,0
62,94751,45536,33,849,5.5,0
28,113605,69504,76,480,1.8,0
46,70533,99214,49,743,4.7,0
53,97566,182220,56,631,9.7,0
42,123255,113936,63,802,7.5,0
38,73005,16279,3,378,8.1,0
53,58541,199737,49,695,0.3,0
27,38387,103751,55,402,4.7,0
54,108980,104433,26,701,6.5,0
26,100457,71386,99,523,8.3,0
41,79028,86124,72,817,0.5,0
52,134246,105750,52,535,8.5,0
66,70731,77485,7,726,5.5,0
52,59638,74055,46,415,2.0,0
65,35567,91911,46,462,3.2,0
53,72804,98618,16,525,2.8,0
35,123821,197742,24,529,5.3,0
66,18754,185100,61,481,0.5,0
56,42044,113892,54,548,1.6,0
49,82260,71128,62,617,8.1,0
41,81912,149180,1,509,1.3,0
40,23706,52495,49,691,2.3,0
49,23894,82806,25,395,4.5,0
54,98986,93185,10,385,5.2,0
29,96942,187902,80,714,7.6,0
66,44725,183581,16,693,4.5,0
30,119555,197478,58,800,7.9,0
40,24496,170591,72,432,6.2,0
42,71447,49649,29,613,1.1,0
52,116604,165596,92,520,1.6,0
58,103199,164957,6,737,4.4,0
47,56321,175441,16,345,4.0,0
34,70147,95402,20,491,7.4,0
66,106396,30676,80,819,5.8,0
37,53787,64093,71,678,3.9,0
65,36727,178836,78,633,1.7,0
42,110081,181871,43,338,2.3,0
39,137721,79414,26,592,5.8,0
30,83056,93095,90,461,4.2,0
36,149153,72307,78,630,5.1,0
66,95102,95432,71,403,1.7,0
53,91865,31923,33,460,6.6,0
29,82695,117449,26,353,8.5,0
58,132235,47574,45,333,2.6,0
36,123777,174463,84,541,4.9,0
29,34033,121757,63,412,9.8,0
26,41832,53664,67,617,3.3,0
24,130725,67384,52,322,6.0,0
45,34873,31027,68,417,0.9,0
31,55372,166536,26,511,6.1,0
48,104464,34485,75,717,0.9,0
69,132322,150528,2,412,9.6,0
36,115082,35554,14,343,7.2,0
64,20110,46922,30,427,7.9,0
33,27087,13409,49,457,7.0,0
22,97617,36639,12,693,5.9,0
52,115483,194699,90,811,4.5,0
29,24596,19692,44,344,8.6,0
42,122539,89037,33,407,9.6,0
69,33313,185272,13,518,5.0,0
38,128175,188487,78,742,9.3,0
53,129914,18074,88,614,5.8,0
40,38705,146621,98,476,5.4,0
33,88445,29963,26,527,4.5,0
56,118892,52265,21,566,2.1,0
62,17023,16061,28,678,0.0,0
59,134654,189298,48,788,2.4,0
56,95073,159882,40,589,5.1,0
31,107197,191078,66,656,3.8,0
48,79429,113502,73,503,4.5,0
22,119195,22800,87,512,9.8,0
52,48848,116192,79,622,3.5,0
40,42766,107228,77,480,4.5,0
46,83099,188839,23,798,1.3,0
60,84122,28054,81,619,0.5,0
28,63868,176469,48,382,7.8,0
35,134119,13233,2,602,5.7,0
64,110286,156140,84,561,7.6,0
29,21643,65727,20,499,1.5,0
26,51727,90610,59,539,5.7,0
27,124079,70453,46,594,2.5,0
61,80697,104135,3,811,2.3,0
34,31029,156904,55,695,0.1,0
55,124458,108464,12,437,1.3,0
24,125384,13682,40,428,3.1,0
63,83926,154455,66,348,1.2,0
30,70506,58160,78,592,9.9,0
57,93229,23666,16,835,3.1,0
59,57092,58817,83,610,1.3,0
26,77539,91198,34,836,2.0,0
67,28428,165714,44,533,5.9,0
44,72775,41830,6,508,0.6,0
19,20469,10234,77,393,8.6,0
22,43854,57616,64,626,9.6,0
46,91256,9221,22,524,2.5,0
54,114134,142482,18,310,4.5,0
55,147723,192485,12,628,0.2,0
36,99730,1051,52,311,6.4,0
25,42386,110529,94,334,4.1,0
65,48787,76918,51,746,2.7,0
62,36621,78116,71,751,2.1,0
18,92984,122226,96,519,6.5,0
39,49051,187635,48,740,4.2,0
69,64811,44757,19,834,1.8,0
34,45447,121008,6,528,6.9,0
24,143046,182329,84,643,5.7,0
42,99045,131379,27,379,8.6,0
62,131859,56889,53,652,1.2,0
21,18471,199967,48,695,7.9,0
53,135312,35944,7,589,6.7,0
23,61850,99555,59,754,1.2,0
48,69220,38134,69,427,6.9,0
36,108808,158395,11,842,4.4,0
61,68072,25954,15,658,9.4,0
56,98820,186093,64,826,1.4,0
44,38284,89959,3,612,6.4,0
27,98369,4992,69,374,3.8,0
43,40122,1961,23,845,9.6,0
36,145349,12497,53,495,3.3,0
56,85553,163623,37,328,9.6,0
20,109788,186827,9,315,9.0,0
62,77812,13255,15,722,2.7,0
30,22999,135639,3,704,8.0,0
67,37436,48847,93,830,10.0,0
45,57963,179075,70,376,2.5,0
37,148168,20389,17,528,4.4,0
45,123899,175595,26,596,5.2,0
25,41201,123802,21,809,2.9,0
58,20105,61576,72,837,0.2,0
56,132666,43919,21,625,2.2,0
18,109848,3358,11,662,2.8,0
20,17839,88535,38,658,4.4,0
30,83920,105982,72,623,1.7,0
45,58619,5698,88,625,8.7,0
66,57821,66809,35,464,7.0,0
42,140736,93079,14,754,0.9,0
50,32069,55805,14,452,6.5,0
55,22531,162421,10,426,6.5,0
23,82155,181320,12,492,9.6,0
61,77424,75033,38,829,0.0,0
62,60603,98239,34,309,2.5,0
49,147503,130407,41,391,9.3,0
62,107573,44041,10,438,9.3,0
64,118302,31954,17,780,7.2,0
38,146234,8002,17,748,7.7,0
33,34675,69783,67,632,0.9,0
38,88997,107524,62,639,5.1,0
28,22896,124857,95,351,2.3,0
54,64733,19738,1,765,1.8,0
53,56800,10703,12,774,8.1,0
52,111044,113776,4,700,1.4,0
36,20347,180494,42,738,4.7,0
37,148715,192971,13,808,9.4,0
35,55785,143464,98,452,1.9,0
64,33681,44724,85,813,9.8,0
58,118864,32299,86,802,9.9,0
66,62299,15641,4,305,5.6,0
31,32073,79534,82,799,1.7,0
32,117304,6305,69,417,3.2,0
48,45682,18782,19,784,4.2,0
18,139302,78257,2,767,3.1,0
20,130359,77963,12,460,2.8,0
33,81707,121987,81,569,9.7,0
40,80428,151638,74,355,1.5,0
28,65601,124591,98,527,7.3,0
29,148611,67766,6,448,0.0,0
27,126487,6511,8,345,6.0,0
49,43228,114816,51,443,9.2,0
33,137788,157249,11,639,2.9,0
25,112239,4765,63,712,1.9,0
55,41928,151426,57,819,6.5,0
29,33322,23929,12,643,7.1,0
41,102896,159892,73,686,6.9,0
45,77292,111576,2,772,3.2,0
25,44055,160595,8,574,2.5,0
45,57891,71088,11,652,9.6,0
53,96912,197235,53,365,9.2,0
43,105536,77525,10,378,4.6,0
25,21304,13780,85,501,8.5,0
67,22345,6589,84,412,4.5,0
45,106006,165884,8,390,4.2,0
45,144350,93664,36,440,1.6,0
54,34446,177011,93,588,4.3,0
58,17336,182565,76,710,5.4,0
53,77032,104188,14,676,0.2,0
44,112852,93326,54,683,4.4,0
34,33474,40953,85,451,7.8,0
26,70718,65785,86,618,6.8,0
50,59629,19309,21,668,6.4,0
37,60232,54195,50,761,9.1,0
30,101544,25901,94,311,0.2,0
45,65669,154648,39,455,5.6,0
65,84184,162580,20,776,7.9,0
46,28140,25464,88,700,5.4,0
30,141468,191353,87,476,3.2,0
63,98457,16260,7,640,1.4,0
52,29357,124997,9,356,8.9,0
23,126672,35440,1,747,4.7,0
35,83673,95082,26,502,8.8,0
68,136673,105583,38,501,5.9,0
22,80633,56683,38,629,6.7,0
64,111111,124206,61,662,8.0,0
42,93258,172502,44,753,6.6,0
19,84286,133059,86,655,4.0,0
27,108269,156177,44,515,5.1,0
47,89071,78484,74,322,8.0,0
67,45651,144098,62,454,3.7,0
62,85202,68309,6,485,3.9,0
22,63777,45927,17,548,1.0,0
50,82263,188607,51,433,9.1,0
18,115158,42946,38,620,0.9,0
35,25800,126503,24,689,6.5,0
49,52823,187633,51,733,4.1,0
64,78878,141449,10,321,4.1,0
66,33708,53592,72,424,6.8,0
28,78870,138419,21,378,0.7,0
38,24283,33776,70,350,5.9,0
43,93707,134855,85,475,7.7,0
42,20774,55798,57,552,8.3,0
39,111468,135370,39,545,1.7,0
44,111334,70204,88,405,9.0,0
66,33133,86207,33,492,6.6,0
30,15781,100356,59,615,8.8,0
50,129586,186233,18,601,4.9,0
51,42624,60652,56,847,5.4,0
58,21823,165556,92,567,9.2,0
52,33489,129572,57,469,9.0,0
18,44118,20922,96,754,4.5,0
38,115417,165100,76,591,2.7,0
65,96816,151388,48,440,3.9,0
23,28565,76996,42,445,3.9,0
45,106179,148040,27,724,2.9,0
34,38648,30266,74,613,2.7,0
22,56971,155072,52,483,8.6,0
48,33658,145083,42,427,0.7,0
22,36253,2866,32,586,6.8,0
55,103664,112669,26,552,1.7,0
20,118850,5898,25,685,3.4,0
40,148623,18395,75,529,0.6,0
54,86947,170091,23,570,2.7,0
54,76001,4006,98,714,7.7,0
27,137775,165465,57,497,8.9,0
27,48243,10956,52,622,2.2,0
36,90939,181114,87,355,4.6,0
34,72828,137150,93,502,4.7,0
38,21710,160703,31,437,8.7,0
31,52991,95676,64,721,7.6,0
26,100445,121724,71,356,5.1,0
63,95257,62901,33,370,6.7,0
18,52711,107227,85,671,8.5,0
68,21530,117192,2,813,0.1,0
62,26116,172646,18,383,4.0,0
30,80794,31417,47,342,9.1,0
21,146354,88020,33,432,7.4,0
18,147970,83639,98,694,5.4,0
66,19135,196078,84,364,5.3,0
57,124472,94881,35,589,3.5,0
49,140147,170526,51,675,5.2,0
51,104087,132659,18,766,6.6,0
45,48380,121688,88,512,4.2,0
48,144951,115584,72,447,7.1,0
25,32071,185782,30,770,8.6,0
56,35074,86567,44,448,1.5,0
43,82843,75886,53,387,4.5,0
51,54901,149888,10,623,4.1,0
20,26205,29432,87,695,6.9,0
67,139661,179689,52,703,2.5,0
29,20906,72373,49,381,6.4,0
18,148663,165289,11,585,8.8,0
61,140576,20884,66,681,4.2,0
22,77987,5454,58,569,9.1,0
47,95685,74960,90,591,9.9,0
47,125454,102421,36,752,1.1,0
34,120487,43618,33,323,2.3,0
65,69400,193743,47,610,9.5,0
64,46852,47111,13,760,9.6,0
40,67756,170685,40,507,1.0,0
32,130357,120592,89,737,0.1,0
54,134052,59993,68,837,1.6,0
38,71481,128652,42,635,10.0,0
31,16283,139920,19,721,1.8,0
19,48691,78672,82,620,5.0,0
28,147197,66125,94,796,8.5,0
68,41170,117509,19,462,0.2,0
56,23438,61602,58,840,6.0,0
55,35095,42222,23,464,2.8,0
51,24752,49223,54,594,8.6,0
55,70426,65333,80,341,2.8,0
67,41819,183804,65,584,6.9,0
51,107051,122650,12,686,6.7,0
35,47994,49420,24,437,2.2,0
47,112756,75504,34,486,0.3,0
32,110665,2462,53,730,4.1,0
44,146717,9460,8,715,2.9,0
68,96835,99319,18,725,8.1,0
51,137232,140347,57,715,8.0,0
69,58732,144341,5,325,4.6,0
55,61305,129593,26,670,6.1,0
50,24346,122672,30,684,6.0,0
41,15587,197014,54,355,8.3,0
32,27763,72920,13,552,4.3,0
47,84615,22553,83,405,2.8,0
59,135987,155438,29,429,2.7,0
68,106353,44036,3,675,5.4,0
34,110648,148441,90,607,4.5,0
22,40556,142867,58,390,4.4,0
46,74042,70021,76,692,0.9,0
21,33099,107205,2,833,7.2,0
27,124089,199226,75,409,2.1,0
34,48866,161215,28,639,2.0,0
27,120400,160497,82,655,4.1,0
34,99246,88209,77,467,2.3,0
37,91975,75139,86,751,5.8,0
41,96557,5368,76,404,3.7,0
22,87516,135693,2,449,4.5,0
51,47602,58829,7,445,5.4,0
23,144295,129036,26,598,2.0,0
19,102969,191366,90,466,1.6,0
30,147161,14719,88,347,8.8,0
60,15155,29227,76,538,4.3,0
60,138950,109430,16,306,4.1,0
65,82494,138638,23,763,0.4,0
28,91229,12306,40,752,5.0,0
68,119648,53822,60,670,5.5,0
64,53547,24042,73,848,5.6,0
40,43795,146158,32,786,7.1,0
33,36447,148459,15,510,1.8,0
48,102960,158114,13,464,2.5,0
28,78278,89424,5,424,8.1,0
33,70077,182690,75,636,9.5,0
25,127782,149395,74,491,1.4,0
21,117932,18019,52,513,5.0,0
57,124869,75426,77,627,2.1,0
21,63781,40863,41,680,0.6,0
42,68798,111023,53,538,3.3,0
20,113696,141355,50,831,1.4,0
49,65939,149351,15,381,7.1,0
20,44516,46999,7,662,5.3,0
44,65290,62780,40,804,1.4,0
46,141688,22908,28,501,0.1,0
49,101661,192656,32,803,8.1,0
67,87954,126278,99,336,1.8,0
68,37746,113002,15,701,6.1,0
36,82990,181297,85,475,3.4,0
38,73810,169024,70,844,5.9,0
22,133362,100706,65,766,3.2,0
35,148669,168735,4,500,0.9,0
45,17659,122019,11,839,2.2,0
59,101516,109708,26,846,1.9,0
39,89567,192453,61,693,4.3,0
38,30037,179001,37,341,6.6,0
23,141498,9343,23,692,2.6,0
18,27109,76173,93,740,0.1,0
22,37010,100260,85,805,5.2,0
58,23787,170863,91,619,6.1,0
29,76709,160206,40,514,9.6,0
43,49518,178173,77,370,5.9,0
63,68909,69443,23,535,4.7,0
51,33351,57530,16,580,5.7,0
66,30282,177871,94,461,9.3,0
31,20075,135899,61,490,8.3,0
43,43365,96143,68,308,3.2,0
62,26002,193725,80,359,2.4,0
44,28947,144771,31,524,2.6,0
26,109840,114527,53,586,5.0,0
43,131219,136385,25,468,7.4,0
64,93610,144670,44,361,5.0,0
39,67142,111362,12,648,0.7,0
64,71307,28807,90,741,7.2,0
47,65085,176298,97,313,8.1,0
60,49228,59550,92,463,2.9,0
65,58472,3558,9,719,6.6,0
34,64437,50113,12,819,4.3,0
43,74711,52999,69,847,8.9,0
53,92175,186950,54,327,8.5,0
18,79307,167415,54,745,5.3,0
25,61733,58219,28,507,6.9,0
66,143202,166258,56,769,8.8,0
52,110028,168038,99,403,5.0,0
69,107493,164841,69,725,3.1,0
32,140149,53218,98,400,7.5,0
64,23259,19229,98,840,2.2,0
39,143775,75209,77,821,3.9,0
31,29849,27877,58,405,8.7,0
43,96768,189073,78,576,7.2,0
45,121108,97137,75,364,4.0,0
40,104709,38084,42,487,2.1,0
31,69869,81780,38,616,3.6,0
41,141888,147878,68,437,2.8,0
19,78095,37034,53,642,1.8,0
62,132886,171389,33,404,7.4,0
43,85910,55468,71,845,2.5,0
31,38567,150166,56,679,4.5,0
68,50292,188868,72,409,3.9,0
24,89813,10589,51,844,9.8,0
20,112136,57221,74,653,3.9,0
64,66631,1657,43,616,0.8,0
40,24885,98300,15,565,0.9,0
63,81314,117229,38,364,5.9,0
60,80087,39531,15,632,6.0,0
64,110998,52227,5,812,4.2,0
62,64812,3164,93,432,4.3,0
35,73643,93078,83,839,0.5,0
55,59900,41247,54,834,5.2,0
52,31288,150673,51,795,5.0,0
68,87692,50599,10,668,1.5,0
32,100436,135624,12,398,1.0,0
42,61403,140489,4,616,1.2,0
54,106170,189651,95,422,1.0,0
45,24168,68207,18,619,6.1,0
27,64879,72055,80,794,2.0,0
56,74871,102266,36,756,2.5,0
34,47174,78270,25,821,1.7,0
56,125155,111426,87,819,9.6,0
39,86853,134794,76,614,8.5,0
43,79046,70442,98,841,2.3,0
61,64678,95632,36,778,3.3,0
42,41649,171103,67,319,2.1,0
34,142795,21438,9,429,4.9,0
30,103668,58819,61,592,0.2,0
37,104906,43856,53,431,6.7,0
42,111019,164648,18,655,5.2,0
21,93002,41938,43,353,9.0,0
27,43803,180100,35,686,1.6,0
20,45795,59807,63,564,8.0,0
58,23770,49877,98,514,7.9,0
62,26093,43461,78,759,1.3,0
35,146265,93474,4,757,4.0,0
64,115311,171541,93,342,1.7,0
53,32569,83136,41,577,2.5,0
64,26190,20435,45,429,2.6,0
39,77824,145263,50,649,5.6,0
51,57070,84726,79,843,4.1,0
64,55197,158458,28,405,9.5,0
25,17261,162793,42,300,1.3,0
57,101795,54786,80,731,9.7,0
66,43933,13704,76,605,2.3,0
61,55583,56635,69,826,7.7,0
36,127082,133195,98,352,3.4,0
59,100371,90710,1,819,1.4,0
58,126032,62993,39,629,8.6,0
54,57604,112752,96,624,3.1,0
23,110074,156488,90,413,6.6,0
69,88869,132886,17,446,5.7,0
43,20410,78537,91,465,4.7,0
51,98375,50258,88,678,5.0,0
62,111055,147580,35,438,7.3,0
23,101716,85166,46,598,0.9,0
54,69245,113710,42,575,6.7,0
50,58056,35699,39,477,9.0,0
39,73557,46335,90,653,0.6,0
38,32543,46806,49,453,1.4,0
23,111038,77853,62,500,7.2,0
23,18828,194840,38,414,4.4,0
65,131656,35739,23,367,4.0,0
21,32087,34785,22,744,1.4,0
47,46337,163052,4,744,5.1,0
28,80333,85016,49,625,1.3,0
47,85448,132681,59,658,4.8,0
48,19648,66253,73,444,7.6,0
41,145576,91128,68,574,2.6,0
26,48623,159213,71,808,4.8,0
20,50634,161081,87,478,9.9,0
68,129598,127581,2,776,6.9,0
48,64334,110966,49,713,8.4,0
57,83648,137854,88,452,4.1,0
54,37054,99352,95,403,7.7,0
53,85028,157005,31,374,0.4,0
41,37207,77154,40,427,1.2,0
48,96554,139379,48,644,2.0,0
23,98276,108297,51,830,4.0,0
19,67781,38346,43,458,8.5,0
37,76035,112138,98,837,3.5,0
45,23210,50772,55,725,6.5,0
28,59363,40149,88,322,7.1,0
21,93279,86700,49,346,5.9,0
32,149393,158598,90,824,3.6,0
23,96348,96758,80,443,5.8,0
66,128816,128447,57,718,3.4,0
47,138053,199549,77,384,0.8,0
55,81262,5695,15,715,9.9,0
68,149832,39169,27,781,1.3,0
19,82411,47947,68,755,0.7,0
32,38377,178296,80,596,8.8,0
28,53211,45865,64,411,3.0,0
25,18744,156625,94,529,6.5,0
43,39995,104501,30,395,3.3,0
68,49542,60410,36,677,3.9,0
62,25651,103754,67,455,2.6,0
61,114239,90895,86,720,3.4,0
22,93931,155888,86,404,4.1,0
23,117112,186098,49,629,7.2,0
43,31715,50705,76,738,5.1,0
21,76350,192994,55,431,9.4,0
36,86425,115700,85,681,0.4,0
37,101120,73914,56,437,5.0,0
50,129889,1881,68,569,5.8,0
37,89637,170639,95,849,9.2,0
66,85194,47365,44,695,0.5,0
29,91917,79211,31,763,5.7,0
64,79200,156078,58,749,8.5,0
18,120848,41198,87,630,2.4,0
43,121022,153903,53,552,8.8,0
31,75058,100649,84,584,0.2,0
55,77068,147531,79,573,7.3,0
54,114932,163515,23,319,9.3,0
28,37785,173388,28,538,6.6,0
53,109475,195558,16,569,4.4,0
30,17282,136949,37,717,0.4,0
60,82534,39553,21,609,9.2,0
20,89964,135994,79,330,4.7,0
50,134006,122778,17,403,0.3,0
23,65583,117018,37,485,6.9,0
67,53392,135758,77,427,4.8,0
27,22461,32766,19,509,1.2,0
22,115123,32006,30,713,2.1,0
40,25516,31422,45,580,0.6,0
27,136251,116590,18,552,5.7,0
61,77493,12205,78,318,6.2,0
19,51027,154599,62,435,5.1,0
30,108547,149515,36,522,8.2,0
57,115127,147596,84,302,8.6,0
19,94003,116477,52,535,6.2,0
37,54758,28202,19,764,0.1,0
18,69312,196624,44,527,7.0,0
54,83670,177214,7,798,4.2,0
26,97279,61692,44,820,5.7,0
34,30434,20855,68,438,6.5,0
26,90769,191444,34,575,3.5,0
28,81677,25095,66,590,9.2,0
32,98555,169796,69,352,1.3,0
41,143379,49241,55,409,6.7,0
55,116665,103119,10,303,0.0,0
52,83803,52003,96,346,9.2,0
47,106703,199451,42,393,1.1,0
48,36312,94837,41,512,0.9,0
66,132961,94283,77,735,3.3,0
22,55379,147044,69,807,3.7,0
61,32297,123805,10,504,2.1,0
67,17011,93846,10,680,5.9,0
31,135234,22927,91,372,4.4,0
28,59014,120589,60,815,0.3,0
26,109333,115657,51,375,3.2,0
51,26120,66630,21,376,8.1,0
29,37852,104428,8,709,6.9,0
52,94239,122035,65,405,7.2,0
52,147001,183419,92,775,7.0,0
18,106575,126244,78,574,3.1,0
57,110040,69518,85,387,1.0,0
39,20744,176355,30,376,2.7,0
46,57359,81326,85,376,8.3,0
25,113746,143277,49,741,9.8,0
28,135906,120243,9,839,4.9,0
58,22597,12748,17,544,0.1,0
54,62093,152169,69,681,1.4,0
31,129650,134164,58,441,3.2,0
47,135956,53311,57,667,5.8,0
52,130598,22692,62,383,0.8,0
38,148241,124954,95,442,9.4,0
54,23036,154934,52,651,3.7,0
22,46778,130035,61,844,9.1,0
36,33800,79507,40,451,7.8,0
31,40372,80152,38,457,7.6,0
43,76516,4926,43,745,6.1,0
21,35538,3969,63,602,6.3,0
42,78918,35733,19,749,6.4,0
62,86155,69855,50,523,6.3,0
59,74500,41743,33,342,5.5,0
42,125659,130193,13,563,9.9,0
35,42716,170948,78,302,7.3,0
57,149308,107445,97,567,7.8,0
25,17352,20323,62,315,8.7,0
56,148004,16428,93,633,2.2,0
57,91449,34578,43,763,0.8,0
31,23556,86486,49,358,4.8,0
49,101836,64140,36,476,5.1,0
68,65098,107325,10,362,8.3,0
55,127169,83829,95,606,4.4,0
50,141060,6364,6,545,5.7,0
40,145544,128867,57,588,5.3,0
32,15340,166421,1,631,0.4,0
50,97302,131763,71,826,6.2,0
42,15138,95598,58,554,8.3,0
34,146430,197539,91,809,1.6,0
50,134619,176968,21,762,5.9,0
64,100376,57062,92,498,5.9,0
19,114931,144933,80,570,1.6,0
31,96532,88302,56,363,1.2,0
57,70778,63928,87,529,9.8,0
57,52772,41347,20,548,3.9,0
68,73478,3121,54,545,2.3,0
56,41762,83793,25,456,1.7,0
68,70568,28164,28,387,6.7,0
23,100090,25491,5,612,6.1,0
23,35219,59222,21,365,6.4,0
20,72169,154237,18,319,0.9,0
24,89965,3748,47,332,8.9,0
68,99754,26553,70,372,3.9,0
25,92988,116547,57,642,3.1,0
59,147379,60380,93,432,4.6,0
69,95388,44331,19,354,3.9,0
32,105768,120617,97,360,8.6,0
64,50428,39560,65,819,9.3,0
46,107021,53865,3,571,3.0,0
50,133418,177758,42,545,8.6,0
69,147212,75910,21,475,7.8,0
47,41421,135747,99,616,9.3,0
56,16708,197778,40,430,2.5,0
44,149702,77986,67,401,5.8,0
53,91021,10068,25,609,2.7,0
46,59789,54460,55,591,8.2,0
55,41086,100766,84,794,0.1,0
50,31859,46418,52,660,5.6,0
54,22684,26206,44,637,3.4,0
44,106088,128180,98,309,3.2,0
50,147279,287,85,348,6.4,0
21,61099,22337,56,786,8.5,0
39,81093,151738,55,620,6.1,0
19,63651,132233,87,432,8.5,0
27,28893,100667,70,382,2.6,0
22,81418,90071,77,356,5.2,0
27,140074,98064,87,675,4.5,0
50,118065,169823,73,648,0.1,0
55,145351,106511,81,570,5.6,0
30,53635,145830,66,782,6.6,0
48,110071,196852,19,410,5.9,0
64,93518,3178,83,375,7.4,0
53,121233,31831,7,457,5.7,0
62,118651,133248,63,831,0.7,0
41,87805,103306,42,628,1.2,0
69,137813,164726,42,421,6.0,0
32,94063,157699,59,340,2.7,0
46,17454,183622,20,466,0.8,0
25,35878,112025,73,322,4.3,0
22,83344,175982,17,578,5.5,0
46,119946,90417,27,768,3.3,0
64,51593,189323,47,699,7.2,0
21,51304,166494,2,308,6.4,0
29,128613,11984,63,312,3.3,0
62,33354,89312,62,351,7.5,0
19,37190,192458,19,508,6.5,0
44,21142,83291,17,849,6.4,0
48,56862,7135,69,701,5.5,0
68,140438,320,39,490,0.1,0
68,63456,152756,82,350,7.0,0
53,115167,186985,71,692,3.8,0
53,97035,88774,81,599,9.4,0
43,23016,152961,39,495,8.2,0
60,17384,98071,36,716,5.9,0
44,117239,179971,40,719,2.5,0
22,126431,141842,45,821,2.0,0
37,95018,170393,4,655,3.4,0
28,55510,109863,25,447,4.8,0
27,36826,41777,69,664,3.0,0
57,83026,46250,30,663,5.1,0
55,136668,73034,76,701,1.7,0
23,39045,104940,68,791,9.8,0
25,105102,40130,88,528,1.1,0
40,66919,180418,29,836,9.3,0
64,114441,133609,73,567,9.1,0
43,133325,15216,68,704,5.3,0
63,34337,84149,51,310,7.2,0
60,92949,3009,24,619,4.4,0
29,15276,89904,14,425,6.3,0
43,66151,160399,69,605,3.4,0
30,67887,145281,18,810,3.0,0
57,96442,179515,42,388,5.8,0
35,64847,15029,57,654,5.0,0
42,73653,198685,83,651,5.8,0
50,71622,188069,12,313,2.9,0
64,42810,102171,82,556,3.7,0
57,92842,114456,17,508,0.8,0
60,137225,62559,30,580,0.5,0
29,25503,64892,88,742,2.5,0
61,99761,70409,75,688,0.7,0
53,141439,139707,99,782,1.0,0
65,26590,33065,23,446,8.1,0
21,81624,120544,81,578,0.4,0
22,135356,107340,1,820,6.6,0
54,57727,33783,79,733,2.7,0
25,93471,34152,32,443,8.7,0
59,23068,58741,9,588,4.8,0
66,131923,107049,15,685,3.1,0
45,26390,182574,28,313,5.2,0
48,121752,29092,24,556,3.8,0
26,109754,148725,60,645,5.6,0
68,90969,171541,35,644,1.1,0
46,92064,86483,86,699,10.0,0
31,36281,121585,27,506,4.3,0
57,69189,59754,83,471,3.5,0
58,63511,161050,76,763,7.1,0
39,137115,87592,20,569,3.6,0
28,23605,94543,65,520,8.3,0
40,115318,43169,85,451,4.5,0
18,147453,179359,49,482,7.2,0
63,34810,54745,1,698,1.1,0
54,56869,110168,10,371,8.5,0
38,47955,113985,47,717,7.4,0
43,76388,5543,59,582,2.1,0
63,25207,187464,96,373,1.5,0
53,37031,21067,62,654,3.2,0
40,95807,51033,86,796,9.8,0
18,86312,45256,18,627,2.6,0
68,74766,153263,46,834,4.6,0
57,104833,86803,32,746,0.3,0
32,126041,118843,27,672,4.0,0
38,131185,28992,92,661,5.7,0
64,25350,48803,18,392,9.5,0
26,115859,109975,39,620,5.2,0
26,83487,194549,49,623,8.2,0
27,138853,144282,93,683,5.5,0
69,68117,26270,82,645,0.4,0
43,116084,193080,44,402,3.2,0
58,38782,136269,72,514,5.8,0
52,43454,7452,54,491,9.5,0
69,82904,41486,95,493,8.6,0
42,144936,14859,34,679,2.3,0
43,137258,158308,71,702,2.2,0
28,126668,162971,36,310,2.0,0
55,139184,32083,18,486,9.2,0
19,31566,67708,38,314,8.5,0
24,53333,111462,59,596,7.7,0
35,136929,147735,9,710,3.9,0
44,104571,93076,73,351,5.0,0
51,135263,19053,72,327,4.6,0
44,147661,142157,51,316,2.5,0
34,40235,161636,35,650,5.1,0
60,15159,89745,82,727,0.3,0
61,119859,190167,5,528,1.3,0
68,122507,69517,14,509,8.9,0
41,29743,152225,92,730,7.5,0
42,61101,136319,30,593,4.2,0
24,136534,141625,4,403,5.2,0
69,99227,151883,39,503,3.7,0
23,86126,137207,84,352,7.4,0
41,71071,136645,64,674,7.8,0
50,89763,79267,25,353,7.6,0
66,61154,138261,28,575,7.2,0
46,22016,80077,76,634,2.0,0
60,104678,174718,66,330,3.4,0
39,127056,76623,78,434,4.7,0
43,69238,131004,22,357,3.3,0
45,73608,53687,31,404,7.5,0
67,104081,68312,23,565,3.3,0
38,65961,107615,48,821,1.4,0
66,41917,130976,20,795,4.0,0
24,42990,27564,38,552,9.8,0
34,77551,28835,55,594,2.3,0
37,95811,192659,68,457,6.1,0
58,70103,7697,79,848,4.3,0
66,121122,80165,88,366,0.7,0
37,34008,148118,89,598,4.9,0
39,47402,57823,1,762,7.0,0
45,128550,184442,7,400,5.1,0
57,106218,9615,57,355,8.7,0
66,148296,136132,95,631,2.9,0
24,135779,130499,12,692,0.9,0
18,144714,76436,5,680,9.4,0
49,47441,191591,50,391,3.8,0
30,77368,120562,42,746,5.8,0
47,107122,71117,12,408,7.9,0
40,59760,192230,18,616,3.2,0
68,38478,34782,66,467,7.2,0
36,142881,78533,74,734,1.4,0
49,86854,189327,79,741,2.9,0
47,109230,72684,94,517,1.4,0
46,100716,187990,17,521,8.1,0
66,113538,79558,68,827,2.2,0
62,30372,81422,71,577,7.2,0
46,44796,156328,62,765,9.4,0
47,113826,161077,41,329,5.3,0
33,135592,6638,95,658,5.4,0
57,108635,37419,34,587,4.6,0
36,126022,33377,70,385,3.3,0
35,69040,106244,45,533,4.8,0
18,90357,174188,58,612,6.0,0
31,93356,167706,51,664,9.9,0
68,31211,23382,34,568,9.4,0
64,120426,187135,44,430,8.6,0
67,20842,153466,15,650,8.9,0
19,81852,67789,78,479,4.7,0
45,140737,110634,70,779,6.6,0
66,60968,131936,50,462,9.0,0
67,32508,99572,32,395,3.9,0
47,69575,171294,67,809,9.6,0
55,81914,144738,3,664,4.2,0
68,82055,123664,86,652,6.0,0
21,102697,152027,86,735,7.1,0
18,121239,110674,74,382,9.5,0
25,138106,103533,51,524,2.4,0
46,20355,81845,67,711,7.5,0
56,69120,69590,76,417,5.2,0
20,53342,127775,93,781,2.7,0
49,17257,66471,48,491,7.8,0
27,42364,43298,17,406,5.5,0
27,126715,194180,7,681,6.6,0
36,41654,48924,13,689,3.2,0
63,96423,147781,66,543,4.8,0
51,44320,9726,4,767,6.2,0
50,35808,191896,10,837,4.0,0
40,67389,40542,88,509,2.0,0
45,133581,151317,17,372,9.6,0
49,142927,34753,52,608,5.1,0
67,49773,79788,6,485,7.3,0
24,91396,21316,83,552,4.1,0
46,122692,84698,69,312,3.6,0
25,72505,15960,96,598,4.1,0
18,100896,30791,74,375,4.1,0
20,33135,25216,9,350,5.4,0
41,105887,163539,91,448,5.4,0
40,137118,64427,77,421,5.0,0
25,62377,112470,83,510,1.3,0
64,77491,193119,21,579,5.0,0
54,73283,73290,24,837,1.7,0
20,31923,47014,4,455,1.3,0
68,62591,135150,24,537,9.3,0
50,77261,50519,59,675,6.0,0
45,69336,4042,99,381,6.6,0
64,89083,49052,3,791,4.0,0
25,75948,14389,68,655,9.1,0
51,41672,95961,40,572,6.4,0
52,19213,68111,48,343,7.7,0
49,77507,105058,54,422,3.7,0
41,72134,93715,35,648,9.6,0
31,148172,50733,95,629,8.2,0
49,43172,34754,56,708,8.5,0
63,35132,149696,89,622,1.7,0
60,33199,85886,40,410,2.7,0
33,51609,157753,77,388,2.9,0
21,46881,89524,68,732,2.7,0
69,39472,81006,46,398,8.6,0
54,69131,24704,78,838,0.3,0
38,27828,94913,13,445,0.8,0
31,111664,94108,27,556,2.7,0
48,147473,7493,6,488,2.0,0
65,30193,69639,17,539,2.3,0
35,117518,54383,36,802,8.0,0
24,34611,134066,99,570,5.6,0
27,91240,47234,81,819,0.1,0
24,17745,178363,2,849,4.3,0
50,70243,128674,77,413,4.1,0
40,18866,5594,52,638,1.1,0
38,143681,7371,66,658,6.8,0
36,86354,47315,52,633,7.0,0
65,66374,127251,92,468,7.2,0
36,129397,79526,43,638,7.3,0
53,139577,147698,90,560,0.0,0
46,96029,86005,22,498,9.5,0
35,108574,105573,55,510,8.1,0
19,45431,138202,67,586,9.0,0
18,44336,137900,99,771,0.2,0
64,55992,57514,60,781,9.3,0
22,70350,183736,58,322,8.1,0
37,84561,148955,12,408,8.4,0
28,66955,174131,88,595,0.9,0
59,76240,174004,69,305,7.4,0
19,61607,192341,84,849,9.6,0
20,67870,75986,39,502,6.8,0
40,79110,85959,13,624,5.7,0
29,131895,2035,41,543,9.5,0
37,19426,109767,57,626,4.4,0
22,42606,171817,53,346,6.0,0
54,43151,17241,12,312,4.8,0
55,26308,52975,13,679,9.3,0
47,105306,154226,74,664,0.8,0
26,121984,156697,97,641,5.0,0
51,17204,176022,57,520,6.9,0
61,107769,56396,40,372,7.9,0
52,102265,118920,80,345,5.8,0
69,46131,144403,45,803,9.1,0
39,67428,194999,35,573,9.4,0
61,48870,86226,3,507,0.6,0
41,118547,84719,5,423,4.0,0
34,64067,63014,90,309,0.2,0
27,127217,39346,11,628,3.3,0
47,113934,70411,71,486,5.4,0
63,89707,185550,56,842,9.1,0
40,76215,143326,10,359,8.5,0
49,64429,186806,34,741,1.3,0
34,97152,159693,67,516,0.9,0
67,123048,76441,72,301,5.9,0
68,92240,46121,31,835,5.3,0
34,128688,60197,75,655,2.7,0
31,61473,84577,71,464,9.0,0
26,111762,94634,66,390,9.3,0
57,121956,173503,70,466,4.0,0
19,133452,100211,41,506,8.9,0
62,141311,135909,63,581,3.8,0
42,22006,180066,32,364,7.4,0
56,89218,143687,20,815,4.8,0
26,47430,1466,57,456,1.2,0
39,38091,30771,98,605,9.3,0
60,38989,83886,50,694,4.5,0
63,90451,65911,80,373,7.3,0
21,33990,151818,25,486,3.7,0
43,105270,88422,12,636,0.2,0
46,95360,191811,71,539,1.0,0
62,51081,73369,39,832,5.0,0
51,123272,1893,17,440,6.9,1
40,31241,30573,45,564,3.3,0
54,139932,96907,11,438,7.0,0
28,20939,171946,70,758,7.0,0
23,128000,99956,23,369,7.0,0
35,50063,118580,91,684,4.9,0
38,62118,164439,70,497,9.1,0
59,99703,152271,38,504,4.9,0
53,143557,91404,2,730,4.5,0
58,42076,57724,86,624,2.0,0
55,59605,86133,84,741,3.1,0
51,99565,167477,89,587,0.4,0
34,54121,15989,79,525,6.3,0
54,46433,28931,93,363,2.5,0
42,58309,9290,72,797,3.0,0
55,82468,169439,37,359,7.7,0
29,82293,121136,49,696,3.3,0
40,111258,79878,52,556,2.4,0
59,53405,90477,33,538,1.7,0
39,58527,126299,22,337,7.7,0
38,92227,161205,5,324,1.3,0
44,146564,105686,18,709,4.5,0
48,108344,158124,38,760,5.1,0
23,62153,107286,37,716,6.9,0
44,123042,40475,94,656,6.3,0
57,69110,82666,95,682,8.1,0
51,43328,96622,64,457,0.4,0
29,127911,188728,10,732,3.0,0
62,27867,135705,79,347,2.8,0
24,74234,148376,42,627,1.5,0
27,40851,107573,48,732,2.9,0
62,46279,46546,44,730,3.1,0
34,88402,7008,82,355,5.2,0
43,30449,48291,87,567,6.6,0
38,91221,158477,97,368,3.8,0
45,104080,36386,16,748,7.2,0
63,20451,90909,54,556,3.4,0
19,102178,151899,35,789,2.9,0
60,78761,33040,98,348,5.4,0
18,53870,60354,28,615,0.2,0
68,111566,78543,2,712,0.8,0
53,138749,18157,94,733,4.2,0
68,138765,35315,13,301,9.4,0
43,139881,35932,41,444,7.2,0
46,143389,152236,80,665,0.9,0
38,40372,145486,59,719,8.5,0
28,18642,145399,69,743,7.3,0
57,49064,113880,92,733,6.1,0
28,29122,132018,53,356,8.2,0
53,83431,14693,45,477,4.0,0
66,70745,27241,20,592,2.2,0
56,65081,115194,24,345,5.1,0
57,91253,95790,61,469,5.5,0
52,51191,146612,91,570,5.4,0
51,25211,72255,94,716,5.7,0
64,126086,195829,58,438,9.5,0
41,116971,172275,27,546,9.0,0
39,108783,156153,26,447,8.8,0
22,140681,192933,7,529,8.0,0
50,102893,11350,42,673,9.4,0
53,92960,186584,47,379,1.0,0
64,99388,56809,53,364,2.7,0
37,37601,101894,59,387,5.0,0
36,34710,97557,38,387,8.5,0
52,123714,173904,69,503,5.1,0
69,143727,159441,87,681,7.5,0
60,78227,31728,92,775,1.4,0
34,99289,17576,98,838,2.5,0
62,20722,160073,53,513,7.3,0
60,96050,83384,15,373,1.6,0
51,98596,390,96,360,3.5,0
26,81732,45436,26,842,2.6,0
43,83323,11569,48,518,3.5,0
19,38816,144101,95,311,7.1,0
26,55695,22490,19,714,3.7,0
26,70841,45875,9,331,5.6,0
57,143498,5867,64,459,1.0,0
34,122096,80820,93,536,8.1,0
18,107764,99515,54,480,3.7,0
42,100744,9121,51,640,6.5,0
60,43482,1539,39,757,7.3,0
57,24171,148099,4,379,2.1,0
59,115755,127402,3,772,8.8,0
42,123125,74229,64,411,6.2,0
56,145722,139993,29,591,4.3,0
52,121082,50435,11,682,1.8,0
20,18696,141382,97,316,9.4,0
67,141310,63965,58,792,7.6,0
54,34149,111048,75,630,2.1,0
61,145064,96444,27,785,3.4,0
61,68521,69922,97,705,8.1,0
68,60740,97799,21,416,7.0,0
47,121611,93948,39,414,7.7,0
55,81641,143314,95,848,4.4,0
51,78811,8947,46,846,7.2,0
29,78232,192888,66,635,3.9,0
36,30417,48785,91,635,2.1,0
54,127492,119963,36,446,6.3,0
61,45099,507,75,421,9.8,0
66,133474,198044,82,380,3.1,0
34,24256,158223,65,674,4.6,0
27,49681,11618,63,362,6.7,0
66,106328,74286,99,803,5.4,0
64,58361,16122,35,748,8.4,0
29,49540,138426,31,727,7.6,0
33,99700,109598,28,726,0.6,0
41,93532,162051,1,720,10.0,0
36,142626,86436,25,621,7.5,0
25,148943,183846,43,465,8.6,0
48,61002,136109,84,760,6.5,0
38,64812,28633,67,758,8.6,0
34,123946,24495,63,488,1.1,0
40,81668,64550,51,763,3.5,0
54,114003,36483,2,678,8.8,0
33,57998,113181,82,301,2.0,0
23,119601,34069,64,663,0.8,0
25,22812,138442,74,371,7.9,0
42,76844,119873,69,726,8.4,0
35,148251,116843,9,469,1.6,0
42,89601,71947,2,504,8.5,0
29,62857,170205,34,636,6.9,0
32,140555,95761,60,771,5.2,0
43,35700,113753,61,494,8.3,0
58,108330,131764,31,574,4.2,0
62,78353,28926,10,306,1.9,0
43,115772,99782,76,477,2.8,0
64,106502,104700,36,541,5.1,0
49,128943,73984,85,502,5.3,0
27,124850,174462,49,842,8.1,0
33,60095,49593,70,761,7.9,0
24,30523,75609,49,379,5.8,0
34,77433,5209,3,822,7.8,0
40,34991,126700,74,716,1.9,0
43,25775,137605,5,683,0.5,0
38,99995,86597,90,690,8.7,0
39,137808,7211,61,425,0.8,0
24,22415,9927,85,793,2.5,0
31,52044,117333,90,346,7.0,0
32,64976,155666,26,775,4.1,0
24,18832,76382,72,763,8.8,0
26,49148,139005,5,422,3.0,0
68,127230,103780,15,773,0.1,0
65,100076,40696,16,433,3.0,0
25,53402,196521,1,322,5.8,0
67,53578,67616,16,534,3.8,0
40,105453,137161,37,358,5.3,0
46,90715,187620,3,463,8.8,0
35,126435,157195,52,515,9.1,0
48,110742,138869,47,482,2.7,0
47,60475,50013,95,389,4.6,0
69,75142,139418,13,610,5.5,0
56,108526,164744,80,556,9.5,0
52,66001,148725,55,832,10.0,0
35,72649,49556,21,832,2.4,0
59,40711,123723,66,351,7.3,0
56,45106,26140,54,637,3.8,0
34,80458,1184,27,470,0.1,0
31,145429,165565,38,366,0.1,0
48,116754,175220,90,599,4.6,0
41,141479,155918,58,531,4.9,0
52,43884,111361,62,367,0.2,0
61,17708,153267,46,805,6.9,0
62,33375,5606,89,327,2.9,0
51,30088,135028,11,350,5.6,0
20,72615,16555,72,559,3.0,0
54,125138,90385,8,483,1.7,0
60,25014,149762,97,322,4.1,0
57,149345,58502,71,428,2.3,0
43,117842,179921,64,590,5.3,0
40,93077,157419,21,800,2.0,0
61,67874,103844,72,485,5.1,0
56,84087,91321,63,778,1.6,0
32,27297,49056,85,791,6.7,0
66,42128,194923,64,812,7.5,0
21,83368,98234,20,366,1.1,0
46,93958,41850,8,766,4.7,0
39,47920,27843,58,584,0.7,0
42,148872,62320,46,716,6.0,0
30,148682,29793,31,399,2.6,0
35,92603,170588,93,488,5.3,0
50,48872,148929,9,687,5.2,0
33,25728,19627,15,540,9.2,0
62,110102,61822,94,716,5.5,0
59,137049,183320,26,475,5.8,0
61,35583,55798,10,686,4.0,0
19,100774,175188,29,770,9.5,0
52,141374,75318,80,532,7.8,0
59,106118,104186,36,751,2.9,0
51,80942,87902,84,576,8.4,0
47,28689,159629,37,528,4.3,0
30,48276,71334,86,470,8.3,0
30,116968,106719,71,512,8.2,0
35,28050,123099,23,581,1.9,0
49,81216,173686,41,340,7.0,0
49,99040,12720,93,421,2.9,0
52,36644,57608,80,526,3.0,0
56,77021,107449,28,593,3.0,0
63,57291,102828,48,566,7.3,0
69,147610,126613,38,840,2.3,0
46,56520,72095,31,750,0.0,0
66,40675,105924,14,748,7.2,0
46,15174,96452,97,360,1.7,0
61,107268,87593,73,801,1.0,0
33,49998,166964,91,446,2.4,0
61,120410,106975,88,633,3.8,0
64,90225,77242,77,441,4.8,0
27,59814,116041,90,343,0.4,0
47,100091,126202,29,443,9.7,0
42,65719,77606,51,632,7.2,0
56,144887,123769,49,796,3.2,0
37,48919,118542,43,695,3.2,0
22,88155,106438,92,354,4.5,0
18,86569,924,92,606,6.3,0
47,56328,51322,72,722,1.5,0
66,39618,157550,87,716,1.9,0
20,49675,71042,93,624,8.6,0
62,33919,46418,5,379,2.6,0
31,19173,193289,42,330,3.8,0
47,124369,100699,7,411,8.7,0
67,41400,90140,42,771,6.6,0
21,85305,11781,36,373,3.4,0
35,103791,136587,27,778,6.8,0
54,85533,117358,58,686,0.2,0
42,118591,36133,46,732,7.4,0
65,146060,97628,66,711,4.9,0
18,54194,76946,25,766,8.1,0
63,124903,85058,73,547,9.5,0
32,146461,140167,27,419,9.3,0
26,114303,151542,1,366,9.1,0
32,128903,43129,87,626,5.1,0
66,82391,8531,74,769,3.6,0
41,73002,37038,42,792,4.7,0
21,50531,87939,52,585,6.9,0
29,19986,42674,25,611,8.8,0
54,47298,127572,54,608,2.1,0
54,16481,29831,67,396,9.2,0
60,71408,57174,6,412,8.2,0
23,136950,11279,58,755,9.8,0
56,140355,169292,70,762,8.8,0
63,42798,60610,53,431,2.8,0
41,106649,183791,66,420,1.1,0
28,79887,53051,58,496,1.1,0
30,34477,56652,82,781,2.9,0
51,142815,65524,87,338,6.1,0
42,142426,6470,2,811,8.0,0
24,39335,198670,76,773,9.0,0
69,101610,172870,22,460,6.2,0
21,26442,53473,37,588,0.1,0
25,61289,150952,20,499,1.9,0
37,68747,44439,24,827,1.0,0
46,52327,14308,84,802,3.6,0
68,87827,91563,65,547,5.0,0
62,121464,35081,65,682,0.4,0
63,146184,181455,81,517,3.5,0
27,102051,9837,1,386,1.8,0
60,74722,183223,94,381,6.5,0
51,107036,118128,3,361,4.6,0
43,81960,167896,46,799,5.0,0
58,34552,164145,55,341,4.3,0
66,15887,112651,75,311,9.6,0
20,46802,97624,88,414,2.1,0
23,100024,157371,86,517,5.2,0
22,133639,189933,64,405,7.4,0
22,133248,30063,45,827,5.6,0
64,96938,69453,26,771,9.3,0
40,137746,199544,77,686,3.8,0
66,41049,102166,65,525,4.6,0
26,92789,14506,24,780,0.9,0
52,99526,113604,74,707,6.1,0
37,61220,26026,35,756,2.9,0
66,61163,158744,24,320,1.6,0
59,149837,169489,28,502,5.4,0
52,132126,52413,80,716,5.3,0
67,96486,65066,16,715,0.8,0
35,90277,190285,59,747,7.0,0
34,119245,50971,81,811,6.2,0
41,137332,158353,54,384,1.9,0
20,37931,113978,79,466,4.7,0
49,104116,159163,16,683,7.2,0
52,70633,50494,15,767,5.3,0
55,66913,103864,98,371,4.0,0
30,109776,149682,11,820,3.2,0
64,40991,132151,65,772,6.1,0
42,119092,95386,79,557,9.4,0
26,110556,177823,90,574,6.7,0
21,77875,86126,68,319,0.7,0
31,77120,186504,43,789,4.6,0
54,148060,162023,69,789,8.9,0
51,125041,80863,99,625,0.9,0
28,143467,78291,13,828,9.9,0
58,133490,125659,10,388,9.5,0
20,141155,190944,75,785,0.8,0
45,43230,7235,82,649,9.3,0
46,74778,82733,98,383,3.6,0
26,60833,62712,41,686,8.4,0
20,37625,152545,50,386,4.2,0
42,47088,198639,87,606,4.4,0
51,118937,125849,71,453,6.3,0
29,91361,79823,59,739,7.7,0
59,103229,104215,39,563,0.3,0
26,105265,32230,3,720,5.9,0
32,112718,84573,76,792,1.9,0
57,75710,199948,7,710,3.5,0
42,109876,40644,49,472,3.5,0
22,45949,179736,26,303,4.7,0
28,83136,45203,33,771,3.3,0
51,126541,66677,48,409,1.1,0
41,76842,156497,79,336,1.5,0
32,41990,123246,2,330,0.3,0
55,45109,84817,71,680,4.7,0
25,145356,69806,32,567,9.5,0
22,143133,42814,4,310,1.2,0
65,16306,70219,20,643,9.5,0
43,18849,180718,36,843,7.3,0
35,27360,170956,32,465,6.4,0
23,126072,95345,28,641,6.5,0
54,109767,100088,77,781,8.3,0
65,69330,69322,1,318,1.1,0
30,66707,21650,60,483,5.0,0
45,33689,94242,56,844,7.0,0
22,44084,140262,35,309,5.9,0
30,55387,38196,30,491,8.3,0
34,89816,170521,54,619,0.7,0
67,17642,170733,36,774,6.9,0
57,57137,29709,55,726,5.3,0
62,77260,80428,89,358,3.8,0
49,63442,9943,80,735,3.4,0
46,118061,174312,58,396,6.2,0
68,149066,176832,83,795,8.9,0
20,140844,21042,65,577,5.0,0
57,114575,43894,69,564,8.2,0
51,16813,137941,51,308,4.0,0
57,108027,192150,22,756,1.0,0
44,138489,56759,88,572,0.6,0
30,99381,105973,53,307,0.5,0
62,70276,44306,36,507,3.8,0
50,56243,108369,68,422,3.4,0
23,75272,186443,36,332,7.2,0
41,80618,151990,52,812,7.4,0
36,16920,28379,53,503,0.5,0
33,121121,120667,82,817,2.2,0
57,91872,134034,50,816,2.7,0
45,96132,144923,80,742,5.5,0
50,17093,117626,41,638,1.4,0
65,27905,176819,18,737,1.3,0
58,136759,125180,22,744,9.4,0
30,45981,52349,66,435,8.0,0
60,88903,187428,21,686,1.8,0
62,85821,145817,44,324,4.1,0
42,124200,5730,47,805,3.6,0
59,97289,144993,39,624,7.9,0
53,131506,19023,29,637,5.1,0
44,93513,176421,54,394,1.3,0
55,65516,126796,90,844,7.4,0
24,84212,81533,85,445,4.0,0
22,148498,83286,17,530,2.6,0
60,145970,41979,80,794,3.8,0
62,105009,22837,60,337,5.0,0
68,59816,146069,31,724,3.4,0
48,19138,104975,73,736,2.4,0
40,106176,176111,95,667,4.0,0
59,90945,20923,78,644,0.2,0
27,19017,8876,49,459,7.7,0
49,25451,60973,2,849,1.7,0
60,108863,133959,48,840,0.4,0
47,25278,194795,14,443,6.5,0
56,58764,42422,59,644,7.7,0
48,138030,51413,97,568,8.1,0
35,147206,102484,99,567,4.9,0
53,77943,133913,58,468,2.1,0
19,110667,28756,58,332,7.4,0
31,69318,71576,51,676,7.0,0
30,118423,118248,84,513,2.5,0
46,118998,10304,2,739,9.0,0
29,75128,30341,41,791,1.0,0
56,36869,135830,83,692,9.8,0
19,20039,148082,82,788,8.6,0
49,127935,127039,16,328,6.9,0
30,25442,191830,4,338,9.4,0
63,88788,162730,12,472,7.2,0
44,134729,180074,29,316,1.9,0
66,42586,132447,7,355,4.4,0
58,68053,99485,14,525,0.7,0
34,101346,22092,12,366,3.9,0
57,82087,131562,99,496,7.4,0
48,49397,3729,5,322,3.9,1
51,73671,137046,81,536,3.3,0
41,131214,118222,32,437,6.0,0
62,81897,85216,74,772,8.7,0
52,29924,83860,43,528,0.5,0
65,128143,96870,81,616,3.9,0
23,125253,21398,69,500,1.6,0
36,115297,34650,45,557,7.0,0
47,15869,152364,9,779,1.1,0
24,112088,103889,49,477,6.6,0
27,16014,3159,33,422,2.9,0
58,25103,98162,18,641,2.0,0
49,125317,193838,9,470,9.4,0
51,97409,102834,62,358,0.2,0
45,38248,148137,57,764,4.4,0
32,23024,21638,29,559,0.2,0
47,100947,1073,78,672,4.8,0
54,106829,177583,25,394,5.0,0
46,107708,29320,15,424,3.2,0
39,101664,34924,6,340,1.3,0
21,100178,171806,42,553,3.8,0
37,116121,68116,29,306,6.7,0
49,35025,171097,79,770,7.8,0
53,78610,2159,93,810,5.3,0
67,85843,48940,4,368,5.9,0
21,122237,79436,82,380,2.0,0
44,145299,14678,57,841,2.9,0
34,20668,192147,49,561,1.6,0
29,88233,178276,44,388,2.5,0
39,96982,143093,80,507,2.2,0
34,121133,137844,75,512,5.2,0
27,25751,67163,14,565,5.6,0
18,61218,154536,3,592,9.4,0
39,141649,51137,62,506,2.0,0
43,22352,161304,64,632,6.4,0
35,103835,61497,45,376,8.2,0
67,112493,100485,82,587,5.6,0
31,43927,182520,58,346,2.6,0
64,116948,105468,20,499,2.6,0
46,44493,901,58,726,0.4,0
29,46707,87980,89,509,3.1,0
53,50842,107594,57,719,7.4,0
52,28261,2881,77,453,0.5,0
69,91709,29863,68,821,2.2,0
29,110985,136694,78,714,7.1,0
24,121616,132450,97,652,7.8,0
46,82173,45201,92,456,4.6,0
28,46781,59251,52,560,7.0,0
50,28652,72572,37,376,3.9,0
23,20103,39255,8,787,1.6,0
64,40500,63212,44,430,4.0,0
32,115336,50210,98,754,5.8,0
49,128499,125629,5,462,9.5,0
68,64393,22499,69,314,0.7,0
28,62406,102552,31,531,5.1,0
40,78059,182700,45,494,3.3,0
43,97722,61360,9,841,5.1,0
51,27356,135675,32,658,0.2,0
63,143128,127466,33,630,3.1,0
51,17187,85473,67,726,8.2,0
46,92243,143704,30,796,5.5,0
21,50098,161679,76,785,4.5,0
34,149678,91873,29,748,2.9,0
52,72620,65756,3,712,3.0,0
30,141270,178066,90,629,3.8,0
58,29387,194454,57,446,8.4,0
56,84463,56344,30,558,9.7,0
32,148663,184847,9,591,4.4,0
46,106683,138421,26,442,3.9,0
46,77061,71154,2,664,8.5,0
28,96257,27464,62,389,4.3,0
69,76753,173696,3,463,5.5,0
49,99774,121897,46,780,2.3,0
19,38408,37344,68,383,7.4,0
64,139116,83791,25,376,5.3,0
31,146208,155371,51,816,8.1,0
37,32413,179047,13,784,7.8,0
39,128650,132534,44,403,2.2,0
28,74500,120209,35,751,7.2,0
44,99514,81441,55,786,8.0,0
20,71358,90456,87,638,3.5,0
34,81197,81788,9,777,1.7,0
61,91240,171653,2,522,0.0,0
45,31322,14175,61,308,4.5,0
46,128053,137263,41,352,3.5,0
38,21968,83434,44,376,5.5,0
64,42518,84518,64,802,1.9,0
33,66925,66537,31,615,8.6,0
54,126900,115721,47,464,2.6,0
37,108422,47645,2,578,2.3,0
23,16700,23283,96,326,4.8,0
36,108782,86971,82,369,5.0,0
22,38199,92759,77,517,2.2,0
20,20520,190195,69,664,2.7,0
18,124814,102780,58,605,1.7,0
55,138364,161096,44,423,7.2,0
32,29955,180702,74,318,7.7,0
51,79925,30734,56,556,4.6,0
52,122216,515,43,595,7.1,0
66,85269,110782,89,321,7.4,0
42,56458,66727,34,749,1.4,0
41,104037,109164,30,849,9.7,0
29,114977,46216,71,347,8.2,0
35,58939,71833,70,482,2.0,0
32,44345,58755,55,734,1.9,0
61,125107,27856,67,406,1.3,0
33,136866,73870,13,487,1.4,0
44,84166,155234,3,385,7.5,0
25,112406,137080,26,755,4.7,0
63,64298,7987,57,436,7.8,0
42,59942,193604,24,635,7.5,0
34,18453,96502,53,768,6.0,0
46,117811,134404,70,702,6.9,0
25,69935,66323,43,839,0.2,0
32,137439,170062,60,371,3.1,0
44,23328,9873,58,323,6.4,0
63,30534,167516,49,784,0.1,0
67,100280,166412,42,355,0.3,0
69,51320,105219,76,522,8.5,0
24,64170,5033,66,478,6.8,0
20,115546,73324,11,733,2.7,0
