age,income,loan_amount,credit_score,employment_years,debt_to_income,num_credit_cards,late_payments,owns_house,default
59,32602,35651,358,6,0.17,1,5,1,0
49,118320,75202,807,19,0.7,0,0,0,1
35,103801,53777,557,26,0.48,6,6,1,0
63,40931,153066,712,5,0.83,2,2,0,1
28,109377,72263,751,26,0.17,6,5,1,0
41,44192,195706,364,8,0.6,1,7,1,1
59,61542,105158,453,30,0.25,0,6,1,1
39,57520,15800,565,20,0.18,0,9,0,0
43,79772,42823,378,25,0.63,0,5,1,1
31,73762,68878,614,39,0.55,5,8,1,0
31,65106,23708,547,12,0.69,1,8,0,1
44,96121,148891,713,22,0.31,7,0,1,0
56,40559,68870,324,19,0.43,2,0,0,0
60,48742,14283,583,36,0.39,2,0,0,0
44,84669,166645,748,27,0.89,0,7,1,1
23,95199,83707,600,16,0.3,1,9,0,0
42,36754,167005,367,27,0.3,5,6,0,1
22,18972,10774,306,1,0.35,0,2,0,0
44,85831,147055,436,24,0.53,4,1,1,1
64,56873,101468,463,5,0.26,7,3,0,1
50,109661,101334,382,10,0.83,6,2,0,1
58,24903,23133,719,37,0.28,2,6,0,0
22,18020,151011,372,5,0.81,6,9,1,1
41,56755,5781,536,10,0.14,3,7,0,1
53,100956,119586,345,13,0.61,0,5,1,1
32,101988,192772,561,1,0.82,4,2,0,0
42,60648,32624,475,39,0.19,2,5,1,0
64,118537,11823,465,2,0.87,6,1,1,0
45,24516,23489,669,34,0.43,7,6,1,0
47,17396,176033,353,32,0.85,5,9,0,1
62,99082,34118,718,23,0.63,1,6,0,0
48,34129,105417,806,18,0.31,2,3,0,1
36,16591,86816,640,17,0.21,7,7,1,1
35,26303,158335,426,23,0.31,6,3,0,1
64,45561,18565,708,34,0.13,1,6,0,0
23,86719,156426,666,0,0.17,6,3,1,0
57,107108,179023,570,35,0.14,1,4,0,0
27,114616,96179,678,24,0.41,5,6,0,0
41,101231,28648,372,33,0.73,5,9,1,1
29,22314,186801,547,24,0.17,0,2,1,0
59,34623,46971,342,15,0.16,0,9,0,1
38,82675,23658,676,33,0.6,2,4,1,0
24,111826,26253,340,28,0.22,5,2,0,1
45,80082,184635,469,18,0.13,4,4,0,1
34,98624,162462,511,22,0.19,6,2,0,1
29,48130,93664,792,18,0.84,6,9,0,1
46,66756,187650,338,24,0.75,6,6,0,1
22,112624,108850,668,15,0.35,2,0,1,0
40,41292,168730,450,8,0.61,6,8,1,1
48,101206,142924,410,0,0.51,3,8,0,1
27,84274,138623,779,18,0.63,1,4,1,1
64,17469,76947,735,32,0.63,6,8,1,1
28,68947,66001,346,33,0.58,7,9,0,1
55,37534,185231,665,15,0.28,1,5,1,1
34,78620,127775,368,39,0.08,0,4,1,1
37,63874,187779,598,17,0.44,6,2,0,0
56,64708,38243,595,33,0.81,7,7,0,0
60,89553,157872,502,24,0.53,4,3,0,1
24,83344,80939,360,5,0.76,7,9,0,1
22,64138,62828,613,20,0.89,5,2,0,0
26,69302,143311,460,5,0.19,5,5,0,0
62,62638,11710,630,31,0.64,0,7,0,1
24,93249,157456,827,38,0.62,3,8,1,0
49,17719,157110,637,30,0.88,2,5,0,1
38,37890,176918,603,9,0.89,2,4,1,1
46,92236,42991,802,29,0.63,4,1,1,0
64,51509,143043,637,17,0.26,0,1,0,1
54,57534,165211,849,23,0.73,0,8,1,1
30,117302,90445,574,8,0.14,3,1,1,0
56,107241,85257,463,30,0.71,6,1,1,0
34,33787,42711,742,14,0.82,2,2,0,1
51,63845,11530,618,3,0.38,6,2,1,0
35,72932,16116,803,39,0.59,0,3,1,1
28,107124,70794,686,8,0.42,6,6,0,1
34,106659,136354,793,8,0.42,5,8,1,1
43,48062,137970,789,25,0.31,4,1,1,0
60,90713,9135,372,3,0.7,2,3,1,0
41,102263,142701,808,16,0.85,3,8,1,0
36,110756,114472,689,15,0.85,4,1,1,1
38,75461,130147,594,14,0.2,1,9,0,1
44,90418,94087,668,34,0.79,5,0,1,0
46,81672,38380,848,4,0.68,3,9,0,0
45,49832,134951,486,4,0.26,7,7,1,1
61,46966,22071,744,19,0.11,4,8,0,0
49,87545,25074,662,14,0.28,0,6,0,0
35,27987,72843,422,17,0.83,1,7,0,1
21,52311,44901,487,1,0.59,3,3,1,1
45,46575,16205,719,28,0.66,0,3,1,0
27,78852,191733,551,12,0.27,5,1,1,0
29,16007,129661,848,3,0.66,7,7,1,1
44,85981,10906,634,9,0.07,1,1,1,0
21,91242,138663,391,30,0.37,2,8,0,1
64,62517,130576,829,7,0.58,7,3,0,0
28,44257,67987,362,2,0.17,0,0,0,1
44,102272,199442,811,8,0.75,4,3,1,1
31,57207,85685,438,29,0.25,6,2,1,0
37,28281,115454,484,10,0.6,3,5,0,1
28,76246,110487,504,34,0.39,1,6,1,1
55,16435,59400,513,36,0.56,0,7,1,1
55,113875,161222,555,12,0.14,2,1,0,0
53,115686,36852,434,35,0.06,6,5,0,1
25,106357,178942,387,12,0.82,3,5,1,1
62,41660,57756,506,11,0.28,3,9,1,1
59,20084,120357,428,36,0.75,0,4,0,1
61,97197,124052,302,9,0.9,2,9,1,1
48,28507,61481,420,8,0.23,5,9,0,1
27,87595,6283,684,6,0.28,6,6,0,1
29,98807,38691,337,1,0.61,5,2,0,1
28,60539,137197,640,22,0.87,1,3,1,0
32,22491,31170,320,38,0.83,0,9,0,1
54,65192,13438,541,39,0.48,6,8,0,0
53,95395,25095,754,38,0.73,1,3,1,1
43,78888,152226,602,20,0.17,7,2,0,0
44,88609,144076,368,22,0.88,5,1,1,1
57,24077,14752,428,28,0.87,7,4,1,1
55,35953,60426,495,13,0.19,7,3,1,0
64,91919,31819,439,25,0.3,6,7,0,1
60,82889,97051,743,4,0.14,3,6,0,1
42,38821,160289,582,30,0.28,1,5,1,1
47,52567,37994,611,24,0.74,7,1,1,0
55,39860,151108,834,30,0.37,2,2,1,0
21,36195,102756,576,19,0.13,4,9,0,1
55,92475,185488,360,16,0.34,5,8,1,1
57,105874,145659,618,1,0.88,5,8,1,1
34,102266,100665,351,24,0.59,2,4,1,1
23,36427,136717,452,12,0.4,6,2,0,1
21,115732,167002,610,38,0.19,6,1,1,1
25,42083,86835,843,27,0.89,6,7,0,1
46,102046,127232,688,5,0.75,1,5,0,1
34,72372,166162,847,2,0.29,0,9,1,1
59,59064,188214,476,34,0.11,7,6,1,1
47,22813,162547,661,17,0.1,3,0,1,0
29,46598,154960,613,10,0.15,4,0,0,1
35,108106,48732,396,19,0.54,0,9,0,1
35,42082,51305,512,4,0.84,0,1,0,1
46,44241,182109,436,18,0.47,2,9,1,1
62,111214,14346,305,21,0.77,1,2,0,1
33,59569,5587,408,18,0.43,5,0,1,0
52,26745,17763,846,15,0.65,5,4,1,1
59,41029,195237,338,23,0.67,2,2,1,1
52,28025,74615,724,3,0.2,1,0,0,0
24,116660,172188,560,14,0.36,2,7,0,1
50,29288,125987,725,24,0.59,5,5,0,1
57,104186,96353,386,34,0.11,0,8,1,0
43,21540,100648,764,13,0.36,3,2,0,0
59,112768,30556,375,18,0.5,7,8,0,0
35,96958,64042,770,37,0.9,6,8,1,0
63,83878,23099,713,35,0.45,1,0,1,0
49,56846,114089,756,6,0.74,7,2,0,1
56,116148,181168,584,29,0.42,4,5,1,1
33,90932,149302,538,18,0.73,4,7,0,1
52,32482,165081,671,24,0.56,0,3,1,1
27,38411,38866,794,15,0.8,2,4,1,1
42,65975,110400,344,39,0.4,2,8,0,1
48,75545,89246,700,7,0.56,5,5,1,1
22,93797,81975,546,17,0.59,0,6,1,1
62,67307,177927,749,27,0.4,5,6,1,1
26,18093,86557,784,15,0.17,5,3,0,0
48,92258,142488,317,18,0.13,4,3,1,1
48,37042,77516,588,16,0.06,5,3,1,1
64,67930,191987,713,12,0.79,7,4,0,1
64,59413,154130,534,6,0.25,6,4,0,1
40,108623,176790,715,26,0.23,5,7,1,1
50,112883,37602,798,9,0.68,4,8,1,0
31,48756,194139,414,33,0.32,6,1,1,1
48,68268,163588,533,35,0.48,2,6,0,1
45,54214,134295,839,24,0.19,1,0,1,0
59,96871,92969,310,5,0.87,3,0,0,1
53,43602,137161,505,23,0.77,5,3,0,1
21,68331,173418,546,17,0.78,7,9,1,1
47,63901,146559,426,22,0.4,6,6,1,1
33,114986,5155,446,5,0.7,1,1,0,1
61,78416,128950,417,28,0.17,4,1,1,0
23,47196,72494,681,24,0.06,1,0,1,1
59,20626,81229,711,16,0.07,3,9,0,1
26,22424,109648,662,23,0.55,7,1,1,0
28,27857,43547,808,10,0.44,1,6,0,1
47,34982,33795,436,25,0.49,7,8,1,1
29,91961,191368,474,33,0.06,6,5,0,1
57,16980,26447,588,27,0.41,1,9,0,0
53,63290,172670,780,2,0.66,7,1,1,0
62,41431,177886,318,10,0.43,1,9,0,1
64,99976,92960,494,37,0.67,1,9,0,0
44,97711,68278,629,13,0.25,0,8,1,0
35,41385,60077,474,25,0.74,5,6,1,1
52,53158,117782,748,20,0.55,4,0,1,0
52,38019,107932,653,38,0.23,3,8,0,0
44,33639,145600,798,29,0.25,4,1,0,1
61,100530,186172,440,7,0.58,0,3,0,1
32,114911,114869,392,19,0.76,0,8,1,1
59,36563,144251,538,31,0.4,6,3,0,1
22,54341,53781,504,21,0.27,0,2,0,0
23,20776,191339,732,6,0.79,5,0,1,1
57,51444,160024,544,8,0.62,0,6,0,1
37,83916,58798,616,0,0.43,1,5,1,1
22,23711,103696,594,28,0.46,4,9,1,0
22,89318,55939,581,7,0.22,2,3,1,0
48,97970,34516,316,3,0.58,3,5,0,1
43,100553,192598,370,34,0.35,0,5,0,0
57,45707,146521,568,2,0.9,4,3,0,1
52,54110,55290,624,39,0.46,6,5,1,1
53,76788,131688,604,6,0.46,0,9,1,0
21,97879,91661,750,26,0.53,5,7,1,0
39,53827,77954,306,0,0.83,0,2,0,1
22,20655,27746,613,26,0.73,0,3,0,0
64,59859,72990,402,15,0.43,7,9,0,1
46,68625,63810,492,37,0.66,7,0,0,1
52,67098,123362,828,6,0.55,0,3,0,0
26,30251,151295,470,22,0.47,6,9,1,1
52,15526,138669,836,10,0.21,7,9,0,1
24,83760,7659,550,32,0.44,0,8,1,0
31,62837,91516,686,35,0.26,3,7,1,1
37,26536,79567,506,36,0.83,4,3,0,1
58,43541,20037,840,16,0.34,7,6,1,1
44,94083,131498,715,34,0.86,7,9,0,1
25,66027,182810,679,4,0.5,5,2,0,0
54,49531,17109,443,31,0.59,0,8,1,1
26,23712,27010,324,2,0.51,0,9,0,1
42,119101,13787,372,34,0.16,0,3,0,1
31,80455,144544,392,13,0.37,0,1,1,0
36,89744,159455,804,30,0.13,7,9,1,1
53,20109,66709,635,30,0.58,1,4,1,1
29,64268,39518,724,16,0.43,1,1,1,0
26,115737,58909,798,23,0.71,2,9,1,1
36,69615,23351,663,22,0.24,0,5,1,1
49,97503,189402,498,17,0.19,2,9,0,1
23,44759,20282,712,13,0.4,3,0,0,1
40,100708,157850,638,14,0.84,2,5,0,1
56,75112,160336,728,14,0.65,4,3,1,0
39,117471,195747,438,5,0.41,1,2,0,0
46,41589,10075,841,26,0.49,1,1,1,0
23,45015,184526,356,14,0.12,0,6,0,1
39,44009,33365,531,35,0.89,7,8,1,1
40,98309,184272,734,7,0.62,0,2,0,1
52,77046,16002,683,14,0.29,3,5,1,0
27,41143,18947,493,2,0.55,5,8,1,0
61,21154,99840,833,12,0.14,3,1,1,1
53,36804,121219,817,33,0.87,4,6,1,1
60,56688,83610,484,23,0.2,0,4,0,1
59,79288,57142,591,39,0.6,0,4,0,1
38,66195,61307,634,31,0.26,3,6,1,1
60,35581,140565,415,31,0.66,3,8,1,1
21,67648,55085,348,29,0.71,3,3,1,1
31,45087,39228,381,12,0.62,1,8,0,1
48,64930,187947,632,0,0.57,2,9,1,0
45,47981,167727,634,33,0.81,2,8,1,0
43,84298,48472,831,14,0.12,0,3,0,0
51,61167,54437,520,13,0.33,1,2,1,1
50,90304,185488,622,28,0.26,3,1,1,1
62,58408,64711,302,33,0.89,0,8,0,1
55,54499,142888,505,17,0.38,1,1,1,0
27,67269,82175,339,6,0.67,4,5,1,1
36,53559,69307,358,28,0.63,5,4,0,1
46,89319,51733,806,30,0.23,1,4,1,0
22,110317,133202,421,24,0.25,6,3,0,0
21,111347,100028,778,37,0.29,0,5,1,1
32,63787,147312,395,13,0.4,7,4,1,1
25,50488,97493,713,7,0.25,2,3,1,1
57,89441,130149,534,26,0.07,6,8,1,1
52,89663,168834,361,1,0.8,3,5,1,1
29,37431,13259,555,16,0.87,5,9,0,1
61,76681,186211,647,36,0.34,7,9,1,1
55,78483,133775,423,13,0.34,4,9,1,0
39,64153,19849,781,24,0.06,7,2,0,0
36,21368,86768,616,29,0.63,5,9,0,0
23,42424,111108,803,28,0.75,7,5,1,1
40,60004,94709,347,19,0.17,5,0,0,1
44,98869,59869,708,20,0.19,1,4,1,1
53,103652,131888,435,21,0.72,0,9,0,1
44,71985,68095,500,34,0.57,7,5,0,1
31,65069,122886,549,36,0.09,7,7,1,1
28,67326,75910,613,15,0.58,0,8,0,1
56,96061,28567,667,16,0.31,5,2,1,0
58,38398,40292,728,15,0.36,3,1,0,1
60,113393,79813,779,1,0.7,0,3,0,0
40,65861,102136,613,3,0.74,5,7,0,1
55,90897,56631,799,20,0.39,0,7,1,0
45,96905,14885,654,38,0.86,3,2,1,1
55,83577,195731,784,33,0.4,4,3,0,0
45,80641,190378,510,29,0.71,6,2,1,1
49,24078,71314,343,5,0.46,5,9,1,1
38,40003,70087,840,16,0.81,2,1,1,0
38,77768,165237,391,38,0.82,2,3,0,1
22,66047,195001,564,24,0.12,5,5,1,1
55,86626,100998,519,4,0.85,1,4,0,1
36,72660,54812,741,4,0.75,4,2,0,0
61,119386,186572,700,19,0.72,1,1,0,1
56,64786,63643,699,15,0.22,6,8,0,1
53,16925,49900,789,36,0.73,2,0,0,1
24,98976,179018,784,39,0.77,3,8,1,1
53,41015,143923,769,8,0.3,5,0,1,0
34,48320,21288,744,4,0.86,6,6,0,1
41,79881,77692,568,1,0.09,7,5,1,0
40,105827,143440,566,8,0.18,7,6,1,0
28,117215,90436,353,35,0.51,0,2,1,1
27,41289,51403,827,21,0.54,2,2,1,0
23,18389,96170,819,21,0.6,4,0,1,1
37,40683,14168,358,21,0.06,2,3,1,1
53,28629,54879,339,33,0.87,4,1,1,1
32,76550,64871,536,28,0.09,4,9,0,1
42,39826,37174,685,37,0.17,5,7,0,1
42,115734,142653,599,32,0.06,4,2,0,1
50,41630,115155,694,17,0.53,1,6,1,1
58,113762,76853,506,6,0.84,7,6,1,1
58,61163,69046,635,0,0.62,6,8,0,1
28,113511,54678,813,32,0.75,3,5,1,1
47,81435,31649,477,0,0.06,2,0,1,1
47,26653,132795,695,23,0.51,3,7,0,1
54,42961,93668,670,3,0.44,6,0,0,1
41,96941,150639,617,3,0.47,0,2,0,0
50,89137,94906,668,17,0.11,6,4,1,0
53,48662,101019,683,26,0.63,2,7,1,1
48,113818,198016,361,31,0.48,7,8,1,0
53,71446,83002,804,32,0.7,3,6,0,1
25,36288,33803,538,27,0.46,3,8,0,1
39,110081,154302,494,35,0.18,5,2,1,1
24,51877,153934,521,5,0.6,5,4,0,1
55,30313,179427,360,15,0.2,6,9,0,1
37,95885,167331,428,33,0.79,6,7,1,1
64,87715,35795,455,22,0.57,0,0,0,1
48,25326,13770,677,23,0.18,4,7,0,1
50,16560,16093,736,12,0.87,2,6,0,1
49,94148,182643,506,17,0.49,5,0,1,1
26,98186,136265,687,12,0.11,2,9,1,1
55,41745,105311,779,36,0.58,0,9,0,1
61,46890,22569,639,38,0.27,5,5,1,0
57,35022,16190,639,16,0.73,5,0,1,0
44,67579,67824,503,14,0.75,4,1,1,1
49,85316,178824,460,17,0.88,2,4,0,1
51,98847,168399,839,22,0.48,7,1,1,0
55,43380,47070,691,29,0.44,2,9,0,0
53,17356,45197,833,33,0.69,2,0,0,1
41,85326,7261,369,3,0.16,4,5,1,0
52,107447,162584,704,2,0.51,5,7,0,1
43,104899,142788,816,6,0.51,0,7,1,1
53,35049,91795,419,17,0.13,2,7,1,0
23,90717,33933,516,6,0.41,3,5,0,1
38,31082,140450,355,39,0.78,7,2,0,1
45,15661,45583,665,5,0.78,7,0,1,0
62,52412,117082,803,21,0.13,4,1,1,1
51,17920,90371,754,0,0.13,1,4,1,0
23,106194,165105,403,3,0.27,0,9,1,1
60,75315,160072,376,28,0.79,3,4,0,1
44,94561,116032,529,20,0.16,2,9,0,1
52,23946,47604,557,25,0.66,1,0,0,0
42,109242,100074,563,13,0.14,0,0,1,0
43,60500,78869,630,8,0.58,4,8,0,0
22,119540,10410,481,11,0.35,1,1,0,0
47,31309,88375,849,5,0.72,5,6,0,1
62,70230,192116,326,19,0.25,6,9,0,1
22,113656,199387,575,23,0.59,1,3,1,0
46,45027,101055,598,26,0.25,6,6,0,1
37,87541,142868,390,37,0.66,7,7,0,1
60,74321,91716,779,7,0.79,3,4,0,1
53,15956,59245,757,0,0.16,0,0,0,0
29,115375,48056,750,23,0.79,3,3,1,0
63,89131,153781,664,6,0.55,3,9,1,1
59,62908,63557,650,18,0.16,2,2,0,0
49,93339,22543,699,21,0.41,4,9,1,0
62,40963,173490,552,34,0.19,1,4,1,0
46,116757,101038,758,29,0.65,0,9,1,0
55,54443,152796,798,28,0.7,7,9,1,1
45,114259,8828,807,21,0.14,5,5,0,0
44,54063,121656,603,10,0.48,4,1,1,0
33,95818,22087,800,19,0.74,4,6,1,1
27,19703,148677,465,28,0.85,0,2,0,1
56,80128,36337,714,33,0.49,4,0,0,0
40,87099,141554,761,0,0.86,2,9,0,1
21,40849,70333,413,30,0.51,4,2,0,1
28,46860,187024,732,29,0.39,7,8,1,1
36,46585,141535,655,17,0.77,7,9,0,1
34,37015,75448,506,16,0.47,2,5,1,1
32,92539,9648,534,37,0.45,1,5,1,1
43,58585,135576,741,13,0.47,1,3,0,0
35,41958,38623,654,22,0.77,3,7,0,1
48,41017,195228,814,24,0.76,7,4,1,1
54,91707,40634,507,14,0.39,2,6,1,1
22,60350,180674,424,21,0.33,5,8,0,1
52,27201,119598,437,2,0.47,1,4,0,1
43,44426,54334,638,18,0.54,4,4,0,1
42,32778,73648,836,33,0.25,0,3,1,1
45,60241,27054,367,34,0.72,0,5,1,1
42,57229,75028,840,0,0.46,6,1,0,0
42,101652,27207,682,20,0.33,7,2,1,0
62,63364,86554,318,28,0.14,2,0,0,0
26,113833,157458,749,5,0.25,5,1,1,0
35,99878,88276,373,36,0.86,3,1,1,1
63,72056,195590,575,0,0.31,4,7,0,0
57,42490,57781,347,0,0.19,2,7,0,1
53,34975,188852,510,26,0.44,6,1,0,0
28,41723,197512,839,20,0.31,0,5,1,0
64,38279,180271,490,15,0.08,2,4,1,1
64,93301,66035,614,39,0.32,4,2,0,1
25,26561,13210,412,25,0.51,5,4,1,1
59,81061,49363,469,15,0.52,7,4,0,1
24,103397,83279,767,27,0.35,5,4,1,0
26,64153,196420,313,0,0.43,1,2,0,1
52,48142,191356,587,35,0.87,4,2,1,0
50,41916,158504,488,9,0.37,6,3,1,1
55,79324,191470,454,16,0.27,1,6,1,0
60,59965,139393,770,22,0.26,1,1,1,0
36,19648,86348,374,6,0.44,1,9,0,0
33,50133,173455,576,6,0.7,2,3,1,1
62,65677,118816,642,14,0.23,6,3,0,0
50,111059,128053,724,33,0.65,0,0,0,1
39,109588,188965,810,3,0.07,5,9,0,1
37,114950,171892,481,13,0.41,7,7,0,1
39,113317,71262,757,13,0.71,2,0,1,1
48,85135,139832,363,15,0.34,0,7,0,1
46,50046,158262,559,6,0.53,5,6,1,0
57,62064,72411,492,31,0.22,7,8,1,1
46,116459,28377,705,18,0.68,6,7,1,1
43,84350,182809,392,1,0.09,7,4,1,1
29,60893,43211,729,9,0.77,6,7,0,1
32,116520,8744,733,16,0.22,4,9,1,0
21,76272,29995,703,36,0.79,7,2,0,1
21,107152,153049,733,11,0.35,5,9,1,0
54,82649,39542,411,5,0.66,5,6,1,1
52,79674,15651,674,21,0.32,6,3,0,1
45,28760,104239,358,31,0.82,5,4,1,1
60,36927,83931,342,19,0.16,3,8,1,0
21,101475,107112,506,0,0.2,4,6,1,1
36,76367,21715,595,5,0.47,2,3,1,0
59,112955,180481,417,18,0.12,7,5,1,1
25,27588,160378,831,17,0.22,2,9,0,0
42,116678,155158,521,5,0.85,0,6,1,1
49,119734,150448,465,32,0.88,2,9,1,1
23,67233,66350,455,22,0.37,1,8,0,1
32,59738,76425,483,22,0.83,5,3,1,1
46,48397,172708,389,25,0.51,2,9,0,1
36,97189,91120,393,12,0.28,0,2,1,1
57,91367,119889,312,6,0.65,0,7,1,1
42,86260,187721,737,14,0.61,1,0,0,1
49,91619,170682,837,26,0.89,0,8,1,1
34,34816,146130,449,25,0.28,6,0,1,1
48,57240,79637,307,32,0.62,3,1,0,1
25,21276,75194,328,14,0.09,6,7,0,1
50,119199,81917,595,35,0.15,5,8,1,0
25,94530,69200,639,26,0.05,5,6,0,1
32,38499,110848,738,4,0.9,5,2,1,0
36,103576,111022,443,1,0.73,4,6,0,1
46,97495,182691,818,32,0.72,2,5,1,0
46,86635,153226,344,15,0.48,3,1,0,1
41,100112,155611,538,22,0.31,2,2,0,1
59,50946,65058,454,37,0.18,3,9,0,1
56,70204,67068,480,15,0.29,2,9,0,0
53,66886,104932,514,13,0.37,1,4,0,1
50,86652,166445,387,28,0.69,7,9,0,1
57,30563,169226,555,25,0.51,6,3,0,1
43,107324,142103,810,34,0.12,0,1,0,0
30,107464,27785,372,14,0.07,0,3,0,1
25,116872,164741,478,2,0.14,6,7,1,1
56,24847,99475,511,22,0.4,1,4,0,1
54,41155,7282,533,28,0.84,3,4,1,1
51,94671,170696,764,33,0.59,6,9,0,1
30,98310,184510,522,32,0.73,4,2,1,1
39,82278,72534,563,22,0.45,3,7,1,0
52,33309,167777,506,6,0.36,0,5,0,1
21,15619,174316,665,2,0.14,4,1,0,0
25,98194,79964,575,31,0.79,2,1,1,0
24,65108,173509,679,30,0.72,4,8,1,1
36,49707,124006,608,17,0.19,3,6,0,0
44,35337,55583,567,6,0.49,1,9,0,1
36,96537,43392,363,0,0.46,2,8,0,1
22,81504,12461,649,13,0.58,3,5,1,1
48,62614,105123,793,31,0.85,2,4,0,1
52,106428,15516,822,5,0.54,4,0,0,1
47,106155,153586,397,38,0.51,0,5,0,1
40,15281,126251,370,9,0.09,3,5,0,0
44,42420,172340,663,6,0.1,7,2,0,1
32,95896,172860,575,25,0.21,1,2,1,1
55,54030,197121,349,33,0.08,7,2,1,1
53,16058,67493,657,29,0.68,7,2,0,1
53,101213,41027,784,35,0.66,6,6,0,1
63,91260,98547,383,20,0.17,4,9,1,1
57,43404,178921,595,16,0.76,3,1,0,1
32,118482,105127,535,32,0.18,1,9,1,0
23,44856,153930,355,9,0.31,3,9,0,1
21,24200,84003,659,11,0.26,4,1,1,0
53,79178,188467,409,15,0.37,3,2,1,1
60,48997,44758,491,31,0.27,2,9,0,1
30,40611,59312,392,14,0.47,4,6,1,1
63,56235,73670,359,26,0.4,3,2,0,1
64,50057,87279,338,27,0.89,6,6,1,1
49,16239,20434,839,16,0.1,0,8,0,1
33,118674,183847,348,1,0.17,3,9,0,1
32,80661,80769,719,35,0.09,2,3,0,1
51,60272,71677,312,6,0.58,1,6,1,1
22,104393,88555,335,12,0.1,6,8,0,1
55,76212,133379,400,14,0.76,1,7,0,1
43,30398,181806,385,24,0.49,7,7,0,1
37,71503,106665,815,22,0.5,6,8,1,0
46,21638,176675,522,21,0.53,1,4,0,1
28,21570,73803,637,25,0.2,0,4,1,1
49,83785,175404,465,32,0.22,2,2,1,1
46,24110,96703,682,10,0.32,7,4,1,1
30,94141,26312,675,9,0.55,4,7,0,0
46,27115,180251,770,24,0.23,1,4,0,0
54,54062,122961,330,36,0.15,6,3,1,0
61,37911,45379,674,37,0.87,2,7,0,1
27,119061,22297,310,23,0.07,3,6,0,1
24,47556,7011,601,39,0.73,0,5,1,1
31,93131,125234,395,32,0.72,2,4,1,1
49,16969,49014,489,16,0.3,2,4,0,1
56,58753,147810,752,23,0.17,4,9,1,0
45,97811,99333,491,36,0.17,2,1,0,1
41,19470,183570,785,1,0.64,4,3,1,1
56,25225,16120,565,31,0.6,0,7,0,1
30,38196,144839,723,23,0.72,0,7,0,1
57,28669,27852,427,8,0.85,3,0,1,1
29,52380,84239,537,3,0.64,4,1,0,1
44,63320,137001,654,16,0.18,4,4,0,0
55,62414,96575,411,16,0.26,1,8,1,1
55,118542,100040,745,29,0.77,1,9,0,1
56,30577,153510,642,39,0.23,3,6,0,1
38,103009,184587,444,10,0.11,0,9,0,1
59,70409,10744,364,20,0.65,5,4,1,1
52,43625,178489,546,20,0.39,1,0,1,1
44,96040,143141,789,17,0.83,2,5,1,1
43,39089,47359,738,28,0.6,0,7,1,0
52,51487,155871,405,23,0.13,5,6,1,1
57,80838,103746,480,9,0.86,7,1,0,1
32,111999,125906,483,16,0.27,2,4,0,1
33,109795,12597,525,17,0.34,6,3,0,0
43,65138,52093,388,19,0.39,4,8,1,1
45,57823,173298,829,36,0.09,0,9,0,1
55,52208,119650,670,17,0.47,6,0,1,0
61,69061,162489,698,16,0.15,3,5,0,0
50,45659,154765,405,8,0.39,4,2,1,1
37,116376,125956,570,13,0.35,4,8,0,0
40,46890,120598,802,28,0.71,2,4,0,0
45,94134,189233,824,30,0.73,6,5,1,0
42,62055,138241,331,3,0.18,4,8,0,1
33,34508,158124,692,17,0.36,1,8,0,1
39,57287,13036,339,19,0.37,0,7,1,1
56,93916,36778,517,8,0.18,1,8,0,0
32,41984,163806,381,12,0.73,2,3,0,1
61,23125,159245,500,14,0.65,5,5,1,1
39,51059,166475,746,26,0.21,7,4,1,1
32,84569,142416,727,14,0.36,2,4,1,1
29,118409,23800,337,27,0.14,0,3,1,1
27,32087,30372,510,36,0.58,4,1,1,1
48,20704,66516,743,18,0.15,6,5,0,0
34,75576,25538,626,25,0.89,6,8,1,1
51,88384,68918,526,25,0.71,3,0,1,1
39,102128,151045,347,24,0.38,2,6,0,1
36,87460,76155,317,25,0.54,0,5,0,1
25,42208,64500,738,25,0.82,3,2,0,1
55,100150,172647,486,27,0.52,4,0,0,1
32,81024,178333,644,17,0.2,5,3,0,0
45,54882,115659,523,31,0.37,2,8,1,1
41,40923,32716,787,2,0.77,5,1,0,1
56,116477,139308,528,1,0.6,0,2,1,1
43,44165,151920,689,32,0.6,5,1,0,1
36,82203,7352,487,18,0.79,5,1,1,0
59,106749,138004,569,16,0.81,0,9,0,0
62,19114,81449,609,32,0.83,0,7,1,1
59,79965,13556,431,11,0.13,2,2,1,1
34,51321,91836,371,2,0.51,5,6,1,1
51,88297,141570,486,25,0.68,3,7,1,1
25,111652,55098,785,34,0.69,7,2,1,0
55,114304,117169,490,7,0.57,0,1,1,1
43,40426,145641,721,35,0.19,4,7,1,0
49,32772,131060,419,6,0.73,5,2,1,1
63,118754,192954,519,35,0.66,0,6,1,1
31,18712,135544,352,15,0.12,3,0,1,0
38,16367,5340,750,23,0.44,6,5,0,1
32,106736,180021,711,0,0.2,2,8,1,1
29,66924,87302,536,24,0.34,5,2,1,1
30,18726,198515,705,9,0.07,6,6,0,0
64,104152,5138,721,15,0.39,0,5,1,0
37,42723,136430,546,15,0.52,0,7,1,1
58,118110,124619,371,7,0.58,4,2,0,1
27,115494,90376,484,28,0.61,4,2,0,1
33,24108,104931,305,38,0.76,5,3,1,1
60,92714,166726,505,27,0.23,6,2,0,1
62,50643,161951,843,5,0.15,7,8,1,1
29,46324,86532,686,15,0.77,6,3,1,0
47,118896,60778,375,19,0.18,0,5,1,1
22,98360,42772,476,15,0.88,7,7,0,1
25,23927,63478,648,6,0.77,5,7,1,1
49,108680,31762,554,13,0.48,0,4,1,1
57,111546,149355,607,25,0.88,4,4,0,1
58,37443,199994,644,25,0.13,3,5,1,0
39,94973,175492,426,13,0.31,1,9,1,1
28,78449,60568,586,6,0.59,7,6,1,1
21,91743,90090,786,32,0.35,1,9,1,1
42,75233,25219,682,25,0.84,0,6,1,0
37,40537,62169,705,19,0.11,6,3,1,0
27,116293,79965,687,2,0.52,4,5,0,1
45,92576,182912,824,3,0.55,2,6,1,1
24,37612,180767,575,25,0.6,2,4,1,1
56,108977,89754,799,10,0.27,1,4,0,0
26,21471,82988,636,1,0.36,3,1,1,0
51,50631,194414,780,13,0.77,1,6,1,1
39,107059,155023,572,29,0.22,0,5,0,1
64,46348,137379,357,11,0.75,3,0,0,1
59,79732,85388,627,25,0.53,2,3,0,1
47,16177,95768,408,32,0.7,6,2,0,1
30,19760,40428,578,12,0.66,4,2,0,1
46,47779,97021,627,13,0.23,7,6,0,0
39,36636,123418,614,23,0.53,4,9,0,1
59,96889,175047,773,33,0.79,0,3,1,0
23,68551,137212,410,25,0.42,1,7,1,0
33,26556,160914,528,20,0.87,0,8,1,1
48,42598,31421,796,27,0.43,7,2,0,0
40,26563,6708,455,35,0.17,4,4,1,1
48,61819,139702,772,39,0.38,7,3,0,1
28,88770,155667,571,1,0.86,2,9,1,1
61,106055,81021,301,8,0.32,4,5,1,0
59,41966,164380,810,22,0.79,3,9,1,0
21,96709,49789,585,14,0.8,6,3,1,1
23,74889,191762,312,12,0.35,7,7,0,1
33,41987,31086,797,22,0.12,6,2,0,0
48,93714,21859,537,16,0.67,5,4,1,0
45,119874,12684,393,1,0.31,4,0,0,1
53,73348,96088,637,19,0.72,4,5,0,1
58,39596,137279,470,19,0.43,6,4,1,1
26,48174,51099,766,2,0.46,5,7,0,1
64,79106,71093,442,11,0.71,3,8,0,1
52,84967,165761,500,39,0.38,1,7,0,1
41,74182,53651,479,1,0.43,7,7,0,1
36,108300,18893,663,35,0.37,7,2,1,0
41,102163,71418,778,13,0.36,4,3,1,1
31,54310,130074,770,15,0.5,6,3,0,0
57,71088,108065,683,18,0.74,0,4,1,1
56,23906,135351,716,33,0.36,4,8,1,1
55,51914,196083,607,5,0.5,0,8,1,1
39,60379,43635,666,12,0.62,3,9,0,0
40,93612,192187,300,35,0.28,4,0,0,1
38,52650,100071,343,21,0.29,7,7,1,1
61,61881,83518,397,17,0.84,6,0,1,1
34,61413,111233,564,11,0.67,3,1,0,1
35,21012,108651,439,29,0.54,3,6,1,1
51,65115,77805,780,39,0.6,1,7,0,0
21,22151,195026,536,6,0.07,4,0,1,1
23,72716,164136,371,31,0.58,0,2,0,1
36,108747,127813,489,18,0.48,0,6,0,1
43,107653,84063,567,5,0.51,4,8,0,0
31,51378,7454,620,19,0.36,5,7,0,0
32,57652,25878,406,26,0.12,1,7,1,1
30,87430,187170,531,36,0.21,1,8,0,1
52,28467,198226,341,6,0.86,1,9,1,1
36,46010,149063,438,4,0.4,0,2,0,1
28,69691,73344,572,10,0.45,3,7,0,0
58,79157,109946,780,14,0.09,6,0,1,0
32,27289,41593,715,2,0.08,5,7,1,0
44,59976,41304,805,4,0.66,7,6,1,1
48,58596,166458,723,22,0.51,1,7,0,1
28,38171,191292,706,36,0.48,0,0,0,1
48,115441,118613,689,8,0.26,0,5,1,1
56,101365,157155,641,14,0.68,7,6,0,1
46,114590,23354,792,2,0.19,3,4,1,0
28,59139,27190,491,28,0.21,7,4,0,1
48,63713,11142,798,5,0.44,4,6,0,1
48,44734,164470,532,16,0.29,4,2,0,1
57,87588,188043,526,25,0.26,6,5,1,1
61,78646,46862,670,20,0.6,7,6,0,1
56,18654,189482,438,7,0.6,6,0,1,1
47,104022,155575,448,20,0.75,1,1,1,1
37,33743,130438,414,10,0.41,6,3,0,1
29,63368,53456,749,37,0.11,1,7,1,0
53,105025,105167,362,7,0.28,5,9,1,1
40,89172,87035,403,23,0.88,6,5,0,1
33,21441,13016,572,34,0.56,3,0,1,1
48,39611,7384,305,13,0.65,1,9,1,1
49,27149,198392,446,13,0.06,3,4,0,0
33,115102,151144,483,9,0.49,0,6,0,1
55,74189,107239,327,11,0.08,1,5,0,1
26,36675,116431,849,37,0.53,0,8,1,1
38,86031,85018,418,33,0.83,2,7,1,1
25,57668,45510,592,9,0.87,3,3,0,1
45,28673,185005,670,16,0.51,2,4,1,1
22,91666,26826,543,16,0.44,1,6,0,1
30,103204,73026,517,2,0.85,0,7,0,1
50,95758,126668,476,30,0.62,1,4,0,1
25,80429,161590,598,0,0.11,2,8,1,0
53,38669,29045,357,11,0.45,7,9,1,1
21,49068,186948,568,38,0.25,7,3,0,1
38,103789,95102,607,3,0.45,1,3,0,0
52,24435,56919,587,12,0.44,5,7,1,1
31,109088,104441,404,33,0.54,4,0,0,1
41,67249,163175,527,20,0.35,2,7,1,1
46,52384,172260,546,21,0.19,1,4,0,1
45,96929,141917,793,3,0.48,0,0,0,1
42,91153,172746,382,17,0.76,1,3,1,1
47,119056,123325,485,4,0.61,7,1,1,0
33,90388,24337,551,18,0.34,0,3,1,0
53,46401,158385,654,1,0.85,4,7,1,1
54,86831,163015,509,11,0.83,1,4,1,1
61,116529,82949,746,16,0.23,6,0,0,1
55,49084,5276,759,9,0.08,7,6,0,1
21,70826,56151,771,33,0.68,6,0,1,1
41,51451,153683,669,5,0.75,4,8,1,1
26,22227,148016,791,7,0.87,2,2,0,1
48,46910,57887,436,10,0.81,0,2,0,1
37,51041,86442,666,11,0.56,6,5,1,1
25,103920,54847,483,8,0.5,5,9,1,1
51,80681,63653,586,1,0.07,2,5,0,0
25,118314,61622,771,7,0.26,0,5,1,0
58,96571,32810,674,10,0.44,7,0,0,0
23,80481,82842,836,35,0.58,7,4,0,0
43,83576,127225,810,9,0.52,7,5,1,1
57,79174,15503,549,20,0.68,4,7,0,0
57,41160,89761,809,19,0.29,6,0,0,0
30,32633,173048,372,7,0.53,7,4,0,1
30,109880,131439,581,35,0.12,3,2,1,1
39,32014,16590,659,28,0.4,7,1,0,0
37,95532,146958,309,11,0.69,1,7,1,1
41,64104,148938,510,13,0.64,4,6,0,1
34,56621,71624,451,20,0.89,0,9,0,1
29,92231,168864,304,21,0.29,0,6,0,1
21,83388,145836,494,20,0.47,0,4,0,1
33,31014,125356,582,29,0.33,0,8,0,0
24,107578,47727,763,38,0.42,1,4,1,1
21,48755,83471,412,19,0.78,2,1,1,1
60,55390,13068,570,23,0.63,5,2,0,0
52,38711,121923,462,22,0.8,3,3,1,1
54,106658,143367,759,6,0.22,1,4,1,0
48,72993,177232,404,8,0.79,0,2,0,1
51,89696,16390,581,0,0.1,1,6,1,1
28,42213,111752,461,25,0.81,4,4,1,1
59,119956,156203,650,37,0.33,5,4,1,0
46,72784,99754,733,37,0.32,0,5,1,1
54,22421,80969,439,21,0.49,3,6,0,1
23,101936,151110,770,9,0.85,0,9,1,0
32,114073,188399,431,5,0.09,5,9,0,1
21,32727,82064,386,16,0.35,3,7,0,1
64,19358,26281,482,37,0.78,5,8,1,1
25,80108,59189,667,23,0.39,3,3,0,0
50,109018,53511,428,9,0.22,2,4,1,1
50,47117,127115,545,7,0.41,6,4,0,1
37,103700,13605,677,20,0.38,2,7,1,0
43,46910,105318,448,5,0.83,1,8,1,1
35,113032,137453,732,20,0.7,1,6,0,1
57,70754,24810,768,38,0.48,7,4,1,1
41,77438,160394,745,23,0.89,3,2,1,1
34,44371,46869,780,32,0.45,7,0,1,1
22,66501,37955,593,17,0.1,7,8,1,0
31,75946,66388,442,27,0.27,0,4,0,0
59,53467,15207,549,31,0.42,6,8,0,1
58,32625,164292,601,11,0.18,4,9,0,0
54,48893,27031,324,26,0.86,4,3,1,1
58,91329,85807,369,9,0.7,0,4,0,1
54,46007,76312,411,31,0.28,0,3,1,1
38,106302,64766,663,25,0.55,2,1,1,0
50,54532,148521,602,24,0.66,4,0,1,1
35,69253,94833,770,10,0.85,3,7,0,1
47,27323,192771,390,22,0.8,5,3,0,1
54,88379,116041,829,33,0.49,7,4,0,0
58,29210,121185,491,39,0.71,1,5,0,1
53,31456,182164,541,22,0.53,7,7,1,1
44,46367,199743,437,28,0.52,7,7,0,1
35,69624,15350,644,30,0.15,5,6,0,0
50,25106,105859,479,6,0.16,2,3,0,1
62,118493,73487,802,39,0.5,4,5,0,0
37,83008,153694,502,32,0.28,7,3,1,0
25,87240,128853,491,20,0.07,6,6,0,1
49,79315,58117,304,1,0.66,0,0,0,1
24,84249,194466,536,17,0.08,6,4,0,1
30,85587,106084,610,32,0.56,6,9,1,1
37,25756,28782,848,36,0.51,4,9,0,1
30,83011,33454,355,33,0.87,3,3,0,1
37,51378,72904,742,19,0.46,2,6,0,1
40,19255,134936,536,34,0.1,7,8,1,1
44,29484,151664,496,17,0.52,7,4,1,1
25,71549,158245,813,23,0.76,7,3,0,1
54,49503,169276,748,7,0.9,0,8,0,1
26,88794,171668,659,29,0.42,5,4,1,1
22,115732,170396,329,9,0.32,3,8,1,1
33,60113,127258,407,22,0.82,5,7,1,1
63,89069,116668,744,10,0.21,1,3,1,0
63,113117,197274,737,1,0.57,2,6,1,0
31,20249,129184,756,25,0.39,3,4,0,1
43,34201,166822,794,35,0.08,3,9,0,0
36,73576,21566,546,32,0.35,7,3,0,1
51,24686,143262,842,12,0.28,5,4,0,0
31,68363,43333,738,39,0.63,0,4,1,0
36,112543,126929,577,24,0.86,1,8,1,1
28,15661,94571,410,3,0.28,7,8,1,1
24,59843,125263,684,18,0.74,7,5,1,1
60,110673,137661,490,17,0.1,7,3,1,0
24,75963,30235,789,36,0.51,5,1,0,1
45,57828,5159,725,29,0.11,3,2,0,0
23,63604,148217,704,18,0.84,2,1,0,1
52,25526,167993,634,22,0.7,3,4,0,0
23,83910,109859,508,15,0.61,4,5,0,1
47,40592,152309,321,0,0.75,2,4,1,1
49,43982,112507,507,11,0.6,7,1,1,0
52,15207,144316,307,23,0.87,2,4,1,1
39,115969,19743,828,33,0.66,3,8,1,0
41,103733,51101,465,7,0.84,0,3,1,0
25,113936,126534,795,17,0.49,7,9,0,0
38,83619,89227,728,4,0.15,2,1,0,1
48,44328,192450,462,25,0.5,4,2,0,0
62,61479,76126,665,29,0.16,5,2,1,0
42,35103,61071,825,12,0.55,0,8,1,0
41,54891,79763,538,18,0.46,0,3,1,0
26,25754,148309,371,28,0.58,0,0,1,0
21,114983,151721,744,2,0.06,2,0,0,0
25,96437,173785,808,25,0.22,0,6,1,0
61,113540,181481,568,39,0.47,3,6,0,0
32,87982,184838,714,11,0.86,0,1,1,1
46,117747,51154,544,1,0.38,4,8,0,1
54,70922,12016,359,10,0.41,7,8,1,1
34,63231,184760,305,27,0.66,7,4,1,1
46,44301,94678,706,17,0.56,1,2,0,1
47,106652,117056,516,12,0.3,4,2,0,1
29,77711,59238,325,36,0.4,2,2,1,1
46,56323,63608,304,21,0.24,0,5,0,1
42,33752,94081,831,11,0.87,0,3,1,0
50,112912,167969,689,1,0.16,3,7,1,1
63,97205,55961,747,36,0.37,5,4,0,1
37,113452,180829,445,6,0.07,0,0,1,1
46,28395,31917,687,25,0.24,6,8,1,1
56,100957,158808,548,25,0.71,4,0,0,1
21,71273,32990,825,23,0.22,2,5,1,1
28,106878,67551,761,11,0.12,7,0,1,0
55,19895,194233,312,15,0.45,1,2,1,1
35,91559,158512,683,22,0.06,0,9,1,1
42,25699,171277,698,39,0.12,1,4,0,0
34,80061,85811,318,8,0.74,0,9,0,1
46,24715,60103,790,31,0.71,2,6,0,1
48,34169,177699,718,14,0.83,5,9,1,1
43,31163,111122,636,36,0.78,4,7,0,1
34,20782,24008,718,12,0.63,7,8,0,1
44,103177,37402,421,4,0.09,2,5,0,1
22,99328,189456,731,10,0.72,1,8,1,1
46,50585,141865,343,9,0.77,0,7,0,1
34,45682,141643,616,12,0.73,1,8,0,1
27,62864,152281,680,14,0.48,4,9,1,0
23,99416,118550,444,6,0.25,6,3,1,1
43,70114,179220,626,39,0.77,7,8,1,0
63,53067,96218,662,27,0.67,2,6,1,1
38,57685,138296,349,31,0.88,1,4,1,1
58,33073,184767,364,34,0.18,1,4,1,1
55,51035,125779,654,14,0.24,4,0,0,0
35,79977,134714,463,35,0.23,6,1,0,1
45,117710,37441,440,20,0.72,0,9,1,1
57,105373,175201,427,5,0.21,6,2,1,0
48,98362,67368,697,0,0.11,1,7,0,1
30,105517,97122,762,3,0.9,4,5,1,0
59,80450,49760,486,10,0.07,0,9,1,1
37,25382,28478,489,25,0.76,6,4,0,1
59,19437,132881,687,36,0.36,7,0,1,0
42,85971,76854,728,22,0.77,6,8,1,1
46,79612,99230,583,28,0.52,7,2,0,1
64,105355,90716,536,20,0.82,6,2,0,1
45,76929,148252,493,26,0.84,5,1,0,1
37,117411,103538,586,38,0.06,0,3,0,0
33,112518,20372,435,39,0.11,6,1,0,1
40,113864,34796,470,12,0.26,5,8,1,0
45,27329,194344,458,22,0.62,2,9,1,1
24,40169,103826,500,15,0.81,4,6,1,1
30,102468,125592,786,29,0.44,6,7,1,1
23,49594,98635,803,3,0.57,7,2,1,0
61,91957,116022,670,39,0.21,0,5,0,1
38,75631,59040,402,15,0.73,7,9,1,1
56,60033,80357,424,30,0.87,5,5,1,1
42,78133,83356,612,24,0.28,5,0,1,0
54,88165,21211,757,11,0.47,2,5,1,0
28,88861,110426,529,25,0.12,7,2,1,1
60,67290,10842,496,36,0.53,3,2,0,1
64,109031,199187,722,32,0.48,4,2,1,0
39,46750,71852,470,27,0.17,7,9,1,0
62,110155,130737,681,8,0.43,3,9,1,1
61,55461,50968,472,11,0.33,0,7,1,1
57,88800,22508,752,4,0.49,4,4,1,0
26,93222,158077,649,27,0.55,7,3,1,0
46,39226,59575,793,34,0.06,2,8,0,0
54,21721,155043,303,4,0.7,0,8,1,1
26,71154,161671,392,33,0.66,4,0,0,1
57,35609,71914,305,33,0.36,7,1,0,1
53,67130,72055,587,12,0.09,7,7,1,0
42,87909,92697,445,38,0.69,4,4,1,1
41,119211,111239,723,13,0.86,3,6,1,0
26,70249,128106,756,10,0.25,0,0,0,1
26,63895,10355,501,37,0.32,2,9,1,1
24,109473,59120,511,3,0.21,2,4,1,0
50,20656,43342,305,32,0.54,0,2,1,1
31,89520,7257,675,6,0.18,0,9,0,1
50,78740,32364,746,7,0.35,5,1,0,0
51,79309,161044,405,36,0.64,1,1,1,1
44,44984,116715,700,9,0.53,7,8,0,1
29,88822,31654,395,14,0.38,3,3,1,0
23,20901,86423,687,37,0.41,0,3,0,1
51,46552,34320,751,14,0.53,0,6,1,0
60,106245,25808,715,4,0.05,1,9,0,0
57,46055,57389,803,28,0.12,1,9,1,0
56,52685,123581,753,18,0.8,4,1,1,0
44,88965,132927,590,9,0.12,6,2,0,0
51,29716,39773,833,11,0.65,2,2,0,1
26,26138,187240,492,3,0.83,3,5,0,1
22,50298,163819,449,30,0.28,4,2,0,1
40,66112,81396,814,17,0.36,0,4,0,1
48,38429,112692,692,15,0.53,7,3,1,1
31,65200,62505,615,39,0.8,1,2,1,0
24,86308,90896,375,35,0.85,5,7,0,1
35,63244,23135,569,24,0.68,2,9,1,1
26,116268,95887,524,22,0.12,4,2,1,0
50,32347,127118,829,11,0.62,5,5,0,1
58,31920,52377,412,33,0.4,2,6,1,1
22,46822,159626,550,35,0.45,6,6,1,0
35,61659,67491,532,36,0.09,6,1,0,0
31,55108,191693,382,2,0.21,5,2,0,0
28,104099,63283,424,8,0.72,1,9,1,1
46,22967,21923,474,17,0.44,4,9,0,1
64,26871,52591,368,34,0.31,4,3,1,1
25,109299,67261,346,33,0.38,6,6,0,1
26,92452,59336,555,13,0.78,2,1,0,1
46,89270,79083,329,3,0.69,5,2,0,0
24,48613,65948,580,28,0.28,1,6,0,0
39,43179,169074,536,14,0.15,0,6,1,0
40,67188,31672,547,27,0.26,4,9,0,0
53,70099,9213,667,15,0.83,7,2,0,1
40,50262,146365,794,11,0.54,0,0,1,1
32,93213,191932,324,4,0.5,1,2,1,1
21,33268,67507,789,33,0.56,6,4,1,1
46,92866,62134,793,0,0.36,7,6,1,0
34,101269,138172,613,38,0.74,4,3,0,0
58,75545,198069,674,31,0.49,4,0,1,0
57,118483,33172,324,25,0.15,5,5,0,1
31,107822,25132,633,16,0.16,7,1,1,0
56,87146,23199,654,26,0.51,0,2,0,1
33,86966,41609,415,23,0.85,6,3,1,1
63,54922,179037,347,34,0.31,5,5,0,1
23,94364,144088,398,38,0.79,3,5,0,1
53,57913,175851,758,25,0.7,0,6,1,0
26,112033,36881,822,37,0.26,0,4,0,1
30,119792,29472,704,22,0.08,3,6,0,0
25,70677,187885,513,21,0.14,1,1,0,1
43,117154,172093,802,3,0.67,7,0,0,0
30,64841,59131,747,8,0.22,7,9,1,0
64,61332,160159,557,3,0.37,1,7,0,0
22,107062,17828,420,6,0.48,4,0,0,0
33,110694,197682,353,22,0.67,2,1,1,1
60,40032,101664,630,1,0.15,5,9,1,1
22,52846,137473,540,23,0.4,2,5,1,1
40,74474,20193,829,39,0.46,4,0,0,1
21,59936,180936,782,30,0.51,7,9,0,1
57,44794,156379,486,30,0.75,2,2,1,1
29,76588,107518,561,39,0.2,0,6,0,0
37,85984,24611,663,33,0.74,0,7,1,0
29,65331,179863,790,23,0.64,3,3,0,1
31,109397,148022,730,25,0.52,3,2,1,0
35,43141,81240,538,15,0.64,4,0,0,0
44,24074,7745,603,12,0.4,4,8,1,0
58,21406,60243,597,14,0.17,6,9,0,1
55,112359,8866,375,26,0.62,4,5,1,1
50,38291,168317,632,3,0.5,0,5,0,0
51,56568,180796,773,15,0.59,2,8,0,1
25,112539,133681,582,29,0.34,5,0,0,0
64,61851,76354,371,29,0.82,6,5,1,1
34,114942,56374,562,35,0.55,6,4,0,1
31,69823,119397,311,2,0.12,7,5,0,1
29,38312,129577,440,21,0.43,6,7,0,1
54,58108,166188,316,21,0.69,4,4,1,1
32,81918,86029,362,11,0.73,4,1,0,1
55,49171,98574,552,20,0.47,0,1,1,0
55,56779,156519,764,3,0.81,5,9,0,1
21,83828,35431,675,30,0.28,0,4,1,0
60,113723,153980,819,30,0.4,5,2,1,0
42,27411,34336,389,22,0.81,0,9,0,1
49,117821,45992,474,19,0.81,2,2,1,0
28,72009,60350,375,14,0.63,7,7,1,1
31,30422,74561,699,22,0.78,4,6,0,1
61,57468,56955,370,27,0.13,1,0,1,0
57,47371,66240,479,15,0.79,1,4,1,1
34,72022,156165,423,36,0.32,7,8,1,1
50,86229,142227,680,20,0.2,4,3,1,0
55,114071,51607,592,14,0.25,6,0,0,0
41,66196,169559,494,16,0.41,4,7,1,1
57,95354,191740,527,36,0.26,4,4,1,1
25,111774,157035,730,12,0.32,7,1,0,1
39,111410,186196,735,18,0.16,4,0,0,1
34,41715,57870,760,29,0.3,6,2,1,0
46,42605,192619,320,17,0.54,5,8,0,1
24,114853,69110,363,13,0.43,7,0,0,1
45,46174,189626,464,35,0.34,2,3,0,0
62,24956,157008,326,35,0.68,1,7,0,1
45,119444,121895,610,19,0.81,7,7,0,1
38,91373,9426,584,18,0.69,3,9,0,1
60,84252,32606,580,6,0.33,1,7,0,0
28,76949,183904,463,3,0.68,1,9,0,1
59,77646,33151,523,33,0.18,6,7,0,1
60,85017,16308,445,1,0.16,0,3,1,1
34,78037,198594,329,4,0.34,4,7,1,1
52,104818,181743,344,9,0.74,4,8,1,1
58,21548,95306,770,31,0.26,4,6,1,0
53,118141,111984,333,12,0.1,0,1,1,1
43,88294,7204,726,38,0.16,6,8,0,1
35,38177,97769,520,4,0.78,7,7,0,1
53,39022,92265,833,9,0.59,2,4,1,1
45,20542,36131,666,9,0.27,2,2,1,0
37,106012,57428,849,37,0.52,6,6,0,1
53,111320,38870,415,26,0.5,3,1,1,0
22,75428,108547,538,20,0.61,2,2,0,1
34,37740,54067,634,7,0.25,6,8,1,1
60,74353,194657,740,0,0.78,7,3,0,1
60,105353,117217,447,27,0.31,2,3,1,1
59,71532,157679,308,38,0.64,4,2,0,1
26,31052,161040,587,13,0.06,5,4,1,1
26,115689,103934,687,20,0.37,6,2,1,0
23,62076,147980,349,29,0.35,1,8,0,1
27,68420,162495,816,20,0.51,2,2,0,1
28,15671,79707,577,8,0.11,2,1,1,0
62,15163,66215,599,16,0.72,0,4,1,1
35,56424,191907,434,4,0.24,3,5,0,1
49,68744,54429,446,30,0.63,5,0,0,0
53,85331,87152,789,39,0.73,7,5,0,1
50,25634,113048,777,37,0.53,0,9,1,1
59,19798,174530,458,18,0.68,4,2,1,1
47,37420,182241,683,35,0.61,1,3,0,1
56,44300,143731,462,32,0.35,3,5,1,0
49,104881,196686,740,12,0.74,0,7,1,0
58,25749,82240,488,13,0.3,6,8,0,1
53,119131,168865,714,32,0.54,2,5,1,1
57,40121,118688,638,28,0.68,2,6,0,1
47,52487,51473,480,35,0.37,3,4,0,1
53,108947,101762,587,9,0.31,2,8,1,0
24,48361,111956,486,30,0.44,6,3,1,0
42,36223,123452,437,5,0.75,0,9,0,1
22,87930,191823,429,0,0.84,0,5,0,1
30,29056,131311,493,6,0.51,2,4,0,1
25,43380,190326,615,26,0.61,2,0,1,1
30,41035,12006,443,20,0.82,4,4,0,1
53,45620,79218,315,27,0.13,1,4,0,1
58,34877,169912,601,15,0.25,7,8,0,1
33,70316,37430,722,22,0.65,3,0,0,1
51,79041,28091,544,19,0.75,0,4,1,1
56,68352,169055,406,37,0.78,3,6,1,1
44,45911,28989,387,24,0.4,4,5,0,1
35,47784,80451,428,27,0.13,0,5,1,1
49,18191,23990,640,4,0.42,4,6,1,0
28,48160,95270,303,20,0.25,4,5,1,1
25,105536,85360,626,17,0.3,5,4,0,0
49,119576,41081,709,5,0.71,2,9,1,1
24,79641,147105,605,28,0.11,6,4,1,1
32,64723,113272,524,18,0.75,5,8,0,1
22,18631,21241,647,32,0.41,7,7,0,1
47,21172,129932,620,0,0.56,3,9,1,1
51,57080,10939,480,2,0.13,6,3,1,0
56,104097,118000,685,20,0.34,3,3,0,0
56,105353,183634,407,34,0.13,2,9,0,1
46,35281,40063,830,39,0.87,6,4,0,1
63,43671,163117,709,2,0.74,5,2,0,0
47,66431,180841,595,24,0.44,3,7,1,1
25,105900,52118,470,37,0.24,5,6,0,1
40,107961,89703,630,19,0.84,2,4,1,1
31,43602,157697,792,33,0.34,6,9,1,0
30,103789,133557,494,20,0.19,6,2,1,0
60,66399,32076,311,22,0.53,0,4,0,1
58,38472,49605,494,5,0.85,4,2,0,0
26,64230,89565,789,12,0.05,4,9,1,0
28,88616,44121,481,22,0.25,5,4,1,1
43,22099,36433,615,8,0.85,6,0,1,0
46,40431,48309,329,16,0.2,3,5,1,1
63,71492,72468,395,1,0.15,5,9,1,1
32,111722,180326,680,18,0.53,5,3,0,1
46,62684,72293,743,18,0.78,1,3,0,1
33,45111,101258,597,6,0.46,7,7,0,0
60,78936,173925,660,19,0.9,6,1,1,0
38,37614,43405,673,8,0.63,4,3,1,1
45,107260,48527,602,16,0.11,6,1,0,1
53,56991,82227,720,26,0.89,2,0,0,0
60,85476,136564,545,1,0.4,5,9,1,1
63,75920,144883,536,35,0.29,1,2,0,1
32,109294,98344,833,18,0.52,1,7,0,1
64,78530,160344,484,16,0.31,4,5,0,1
56,51224,52153,767,4,0.12,4,6,1,1
24,22788,113042,662,38,0.05,4,1,1,0
25,43082,59110,582,17,0.43,2,5,0,0
57,104570,150051,635,6,0.76,1,7,1,1
28,116015,33328,461,16,0.54,3,7,0,1
62,91816,117911,459,38,0.9,2,3,0,1
48,98588,17867,773,35,0.29,0,5,1,0
51,31531,64234,621,39,0.29,7,4,1,1
29,103340,30851,311,3,0.19,7,8,1,1
49,109439,36279,723,37,0.19,5,7,0,0
34,59857,78402,372,24,0.29,7,1,0,0
60,25142,20449,500,4,0.72,4,6,0,1
61,63355,81221,821,29,0.82,1,6,1,1
42,24866,94080,804,11,0.88,7,0,0,1
31,85067,10451,338,3,0.25,5,0,0,0
43,118634,92178,359,23,0.8,7,3,0,1
21,118814,177388,620,28,0.33,6,4,0,1
57,79027,199136,734,8,0.15,2,3,1,0
41,72906,68761,707,3,0.79,0,6,1,1
46,43138,43870,685,23,0.59,6,2,1,0
56,107601,101566,377,13,0.19,2,6,0,0
43,44956,128749,493,4,0.42,2,7,0,1
21,119797,128765,584,17,0.29,3,5,0,0
60,91295,129881,826,18,0.68,7,5,1,1
35,20439,166945,823,11,0.44,5,7,1,1
41,62241,133389,455,17,0.89,3,7,1,1
29,57533,194699,639,16,0.1,2,6,1,0
29,43270,30372,424,29,0.35,7,5,1,0
30,93815,8642,579,23,0.46,0,5,0,1
46,54279,164073,427,10,0.48,1,9,1,1
61,38888,39064,613,34,0.32,1,5,1,1
55,32630,19122,631,22,0.67,7,7,1,1
45,76063,160892,449,16,0.79,6,0,0,1
46,50144,73431,753,0,0.85,5,4,1,1
31,67161,60745,335,14,0.73,4,2,1,1
58,111718,55081,719,31,0.77,4,7,1,1
22,106074,144783,321,8,0.52,1,5,0,1
27,92360,154865,505,14,0.75,2,1,0,1
38,65979,144271,655,27,0.31,2,6,1,0
47,112661,81253,739,23,0.39,3,6,1,1
54,21979,41191,395,34,0.32,7,4,1,1
47,41189,15211,463,21,0.45,5,7,1,0
37,57600,116086,447,26,0.29,7,4,0,1
63,74560,199141,829,18,0.87,7,0,1,1
64,93040,192818,593,11,0.32,3,8,0,1
44,76558,157614,494,19,0.13,4,3,1,0
45,101205,167384,779,0,0.5,7,1,0,1
27,21910,181314,422,20,0.1,1,3,0,0
26,72713,106971,699,0,0.14,6,8,1,0
44,61857,98783,751,9,0.24,7,1,0,0
53,49964,130681,403,31,0.44,2,3,1,1
49,100667,92893,761,38,0.42,7,1,0,1
63,40227,191460,695,21,0.73,1,4,0,1
42,20978,163763,636,17,0.68,0,2,1,0
46,102527,82960,441,31,0.41,1,9,1,1
48,32153,89388,616,26,0.33,0,1,0,0
41,74765,27601,826,27,0.32,3,8,0,0
27,114084,154092,700,17,0.71,3,4,1,1
37,54071,144227,609,38,0.09,4,9,1,1
40,84519,172849,794,28,0.06,1,4,1,1
61,24503,24710,408,17,0.73,1,0,0,1
40,75703,113714,671,7,0.46,0,5,1,1
42,79379,160604,505,30,0.16,3,6,1,1
48,110457,133727,342,33,0.25,0,0,0,1
60,72866,154673,544,6,0.84,3,8,1,1
27,31905,68227,586,35,0.78,0,7,1,1
21,60838,141039,654,17,0.65,3,7,1,1
52,73279,89289,775,37,0.46,0,6,1,1
33,104489,156094,382,8,0.49,6,4,0,1
50,41806,179535,409,8,0.88,3,2,1,1
43,60000,10722,489,7,0.87,5,8,1,1
39,37168,163485,550,34,0.23,0,6,1,1
52,85119,86050,590,17,0.74,1,9,1,1
50,53714,88596,500,4,0.22,4,9,1,1
49,69093,71732,625,13,0.23,5,7,1,0
49,70419,148369,810,27,0.62,5,5,0,1
50,64145,73323,708,29,0.39,0,4,0,0
36,92425,28816,807,3,0.84,4,7,0,1
60,107949,45695,371,38,0.13,1,2,1,0
39,92811,155774,546,19,0.48,5,6,1,1
38,17461,161314,643,24,0.83,1,1,1,0
21,29291,60841,353,27,0.82,3,2,0,1
34,61804,133498,827,11,0.18,7,1,1,0
22,91971,112096,831,1,0.36,6,4,0,1
48,108471,97764,492,13,0.58,7,6,1,1
50,79946,189646,357,21,0.19,7,9,1,1
58,113989,90744,736,30,0.87,4,9,0,0
24,99080,33482,410,22,0.83,6,0,0,1
21,76332,14171,428,19,0.19,2,9,0,0
28,92794,105755,625,37,0.15,3,8,0,1
49,45841,113125,307,3,0.12,4,0,0,0
59,63758,135722,328,14,0.82,0,0,0,1
23,91272,111082,411,23,0.21,6,9,1,1
52,52643,8696,430,24,0.4,0,7,0,1
30,65408,131310,487,0,0.43,1,5,1,1
30,58950,156130,774,6,0.56,7,5,1,1
39,71849,156385,663,30,0.11,5,8,1,0
54,115500,24149,503,11,0.24,6,3,1,1
53,43044,135064,511,4,0.84,2,7,1,1
43,30997,58521,575,37,0.82,0,3,0,1
48,94751,50740,372,11,0.71,4,1,0,1
52,113605,111611,542,38,0.07,6,7,0,1
27,38911,141028,401,17,0.33,6,6,1,1
49,70533,71641,470,1,0.58,5,3,0,1
28,97566,68811,487,9,0.28,5,8,1,1
21,109870,188232,740,14,0.82,4,8,1,0
23,29571,187385,385,29,0.59,5,7,1,1
44,109463,68232,775,16,0.11,0,0,1,1
43,72941,20417,351,3,0.82,4,6,0,1
28,73005,160801,410,6,0.86,7,4,0,1
57,101250,117492,342,30,0.12,4,6,0,1
23,73712,35099,510,38,0.5,1,8,0,1
53,58541,166033,499,33,0.31,2,1,0,1
48,38387,148674,325,5,0.38,6,3,1,1
28,108980,123474,598,37,0.2,1,3,0,1
54,63908,14256,376,33,0.54,2,1,1,1
55,100457,39681,436,14,0.86,4,2,1,0
52,28057,96328,319,13,0.48,6,7,1,1
44,79028,48361,739,5,0.12,5,8,0,1
34,70731,39540,510,36,0.58,2,5,1,1
52,39858,162608,734,31,0.34,4,9,1,0
63,63689,89700,506,2,0.78,4,1,0,1
36,59638,199115,738,2,0.42,1,1,1,0
24,106598,83532,341,21,0.21,1,6,1,1
57,117386,192647,710,21,0.21,5,7,1,0
41,61486,132626,822,9,0.7,7,7,0,1
34,35567,138943,726,2,0.28,3,5,1,1
51,44739,51002,574,11,0.7,0,9,1,1
38,72804,54812,747,28,0.23,3,7,0,0
27,18754,158698,668,16,0.32,3,0,0,0
30,42044,196051,519,6,0.45,6,8,1,0
27,82260,113946,531,12,0.85,7,0,0,1
53,81912,71668,627,1,0.84,6,2,0,1
43,23706,104003,742,3,0.23,5,8,0,1
41,23894,47998,351,9,0.35,6,4,0,1
39,33037,199886,675,38,0.18,2,8,0,0
39,98986,109601,562,23,0.48,5,8,0,0
56,96942,181679,566,16,0.44,5,5,0,0
49,66612,12812,658,5,0.82,4,0,1,0
38,44725,66844,616,18,0.84,4,9,0,0
22,20926,138251,623,4,0.38,4,6,0,1
21,119555,179870,720,31,0.47,0,5,0,0
25,24496,79601,345,9,0.81,2,8,1,1
40,71447,144347,568,8,0.74,2,6,0,1
31,116604,186646,680,26,0.05,4,3,0,0
62,44806,52857,417,12,0.32,3,6,1,1
22,103199,130555,415,18,0.41,0,1,0,1
23,56321,25700,559,20,0.25,3,5,1,1
43,117031,175536,374,23,0.22,1,5,1,1
32,80095,178423,779,37,0.08,2,1,0,0
40,37656,98330,604,3,0.6,2,3,1,1
25,70147,149941,306,23,0.27,3,7,0,1
57,106396,196387,665,34,0.09,0,7,0,1
58,64666,157026,822,2,0.25,2,7,1,1
50,97368,167627,647,3,0.73,3,7,1,1
29,53787,68353,737,36,0.77,5,0,0,1
54,77946,181098,514,39,0.46,5,1,0,1
64,36727,105772,728,34,0.4,6,3,1,1
55,110081,183048,797,30,0.88,0,8,0,1
42,83056,96502,839,24,0.22,3,2,0,0
64,18081,118943,666,39,0.23,6,5,0,1
44,49196,114850,612,12,0.3,5,6,1,0
37,51735,50095,837,3,0.2,0,7,0,0
30,119749,150342,353,13,0.37,7,6,0,0
50,95102,166980,840,12,0.82,6,2,0,1
43,94578,20523,766,26,0.57,7,5,1,1
52,40498,67433,463,5,0.4,4,4,1,1
37,91865,183140,633,16,0.84,0,9,1,1
37,46656,24991,846,35,0.09,1,3,0,0
34,82695,15775,647,39,0.23,4,0,1,0
29,52900,89995,572,34,0.53,6,6,0,1
60,99899,197322,713,16,0.57,3,7,1,0
22,62701,152745,799,1,0.08,4,1,0,0
45,34033,127808,392,12,0.39,4,6,1,1
59,25805,163128,378,1,0.6,6,5,0,1
29,50851,142686,516,27,0.64,3,4,0,1
42,41832,12415,657,25,0.59,3,3,1,0
63,78437,179956,806,21,0.32,5,1,0,0
24,28944,153036,480,2,0.13,1,9,1,0
46,34873,173798,545,34,0.41,3,5,1,0
49,55372,42044,543,11,0.16,2,4,0,1
54,104464,193221,805,23,0.86,2,1,0,1
43,30379,173616,721,4,0.45,1,9,1,0
57,51751,54976,619,19,0.32,0,6,1,0
31,115082,168324,386,38,0.7,6,5,1,1
26,104822,8832,516,38,0.47,0,8,0,1
38,20110,39148,789,12,0.31,2,9,1,0
41,69341,197312,818,11,0.74,3,4,0,0
62,27087,117230,577,12,0.79,1,8,0,1
56,38762,90076,468,9,0.62,0,8,1,1
61,97617,189531,629,32,0.09,0,0,1,1
58,115483,43402,740,39,0.53,7,4,0,1
54,24596,193799,690,15,0.7,6,8,0,1
37,118555,43578,795,34,0.17,4,6,0,0
57,33313,95453,680,2,0.24,2,5,0,0
45,81549,158390,605,4,0.8,3,5,1,1
58,38705,80715,812,25,0.07,1,6,0,0
32,82364,116435,487,10,0.69,0,0,1,1
43,88445,156538,815,6,0.45,6,3,1,0
62,118892,100742,726,9,0.43,4,0,1,0
42,93645,50475,801,33,0.06,2,5,0,0
41,17023,65142,559,2,0.75,2,3,0,1
47,74796,162636,812,7,0.36,6,0,1,1
51,95073,158484,370,30,0.51,7,8,1,1
26,107197,98526,777,10,0.63,1,3,1,0
47,79429,56001,477,6,0.65,0,5,1,1
60,119195,62649,756,1,0.86,1,6,0,1
54,76627,197029,488,5,0.5,6,7,1,1
32,48848,171589,590,31,0.39,6,8,0,0
27,52804,149228,819,19,0.86,1,8,0,1
30,30379,159136,591,33,0.6,5,7,0,1
37,74664,30711,582,15,0.3,4,9,0,1
46,42766,35106,843,24,0.16,2,2,1,0
41,83099,70458,676,11,0.77,5,1,0,1
48,51060,152661,455,6,0.36,3,4,1,0
22,109733,135429,807,38,0.61,2,0,0,0
63,84122,106754,712,16,0.45,2,2,1,0
21,31087,143286,827,10,0.22,4,0,1,1
56,63868,131479,654,5,0.56,3,2,1,1
46,38225,163199,486,22,0.1,0,3,1,1
49,110286,141213,330,26,0.4,3,6,1,1
41,21643,33884,559,5,0.51,0,4,0,1
31,108059,7708,720,37,0.42,7,4,1,0
60,51727,23375,828,1,0.69,7,0,0,1
31,26005,20088,603,21,0.75,3,7,1,0
56,80697,62615,338,19,0.71,1,3,0,1
59,31029,115138,788,24,0.08,6,9,0,1
60,29226,181118,841,14,0.22,3,4,0,0
55,78646,15014,577,28,0.51,5,1,1,0
54,75603,139345,502,7,0.84,5,0,0,1
44,43731,183207,365,36,0.76,4,8,1,1
42,83926,107842,407,32,0.77,6,1,1,1
25,20997,166953,567,21,0.31,6,5,0,1
53,70506,83077,521,4,0.42,0,0,0,1
56,93229,144784,829,38,0.45,2,0,1,0
40,64815,57874,389,17,0.18,4,8,1,1
39,57092,74087,554,37,0.08,5,3,1,1
55,77539,17297,754,36,0.85,5,8,1,0
63,81077,32128,552,29,0.25,7,4,1,0
37,36817,73368,556,30,0.25,0,6,1,1
63,52861,83958,682,9,0.12,5,0,0,0
54,28428,37920,741,14,0.84,5,5,1,1
29,58934,147228,389,17,0.54,0,7,1,1
46,25258,147180,689,22,0.62,5,0,0,1
22,72775,167917,343,32,0.82,2,8,0,1
29,96580,138872,318,15,0.34,1,2,0,1
29,109947,178784,400,37,0.58,4,0,1,1
60,20469,138682,656,34,0.08,2,0,0,0
37,43854,82603,841,33,0.21,2,5,0,0
21,21256,38872,332,27,0.76,1,5,1,1
45,91256,15728,528,1,0.7,7,0,1,1
63,48937,100102,823,29,0.35,6,2,1,1
60,114134,127049,454,12,0.37,4,6,1,1
62,16651,25583,722,15,0.5,7,9,0,1
45,65288,90774,545,4,0.05,7,2,1,1
59,99730,143335,704,27,0.26,2,2,0,0
55,40051,131374,840,38,0.23,5,2,1,0
23,42386,155528,460,19,0.26,7,6,0,0
57,90054,96118,416,23,0.74,1,3,1,1
64,31184,70942,570,26,0.29,6,3,1,0
64,48787,18689,786,29,0.21,4,2,1,0
50,36621,169006,471,26,0.48,3,9,0,1
58,90564,38276,573,25,0.79,0,8,0,1
54,92984,106968,558,6,0.26,5,1,0,1
32,74792,155945,434,37,0.12,1,3,1,1
39,60253,18050,721,4,0.35,0,7,0,0
57,49051,71216,720,22,0.69,6,5,1,1
64,64811,89040,485,27,0.52,6,6,1,1
37,45447,26644,663,33,0.74,3,6,1,1
30,98930,67021,677,14,0.87,7,1,0,1
32,115037,173197,822,31,0.72,2,3,1,1
36,45254,47291,495,25,0.56,2,9,0,1
44,99045,171132,397,30,0.47,4,9,1,1
39,72418,137610,321,18,0.08,1,5,1,1
28,29472,172248,749,8,0.89,1,2,1,0
51,18471,46520,471,28,0.38,7,8,0,1
41,110804,30675,682,38,0.18,6,3,0,0
37,23329,154359,433,3,0.62,4,9,1,1
43,49865,5174,725,2,0.29,7,1,0,0
57,61850,97268,324,28,0.55,0,5,0,1
36,69220,39998,802,10,0.55,2,0,1,0
26,108808,189384,484,32,0.43,2,5,1,1
28,21397,148184,384,37,0.76,6,9,0,1
45,112909,110410,443,10,0.28,1,0,1,0
38,50525,80225,711,26,0.43,6,7,1,1
45,68072,49814,523,32,0.51,7,4,0,1
32,105106,90091,519,20,0.61,1,5,0,1
35,98820,55719,478,38,0.72,4,1,1,1
46,99530,134887,732,30,0.39,7,1,0,0
61,38284,38919,564,37,0.6,3,8,0,1
46,76330,78155,728,1,0.18,0,2,1,1
52,98369,76569,715,26,0.84,5,5,1,1
30,40122,46328,752,35,0.38,3,9,1,0
36,85553,29618,496,10,0.67,7,4,1,1
27,96906,39675,352,17,0.07,3,3,0,1
37,109788,23919,779,0,0.22,1,9,0,0
43,77812,9173,742,34,0.46,1,1,1,0
46,22999,114369,629,34,0.8,1,7,1,1
41,37436,31400,550,30,0.5,3,9,1,1
42,57963,186517,422,27,0.84,6,6,1,1
27,17096,75305,686,38,0.46,0,1,0,0
34,40279,173636,638,0,0.47,6,5,0,1
35,41201,181886,647,24,0.15,1,7,1,1
27,34715,93791,328,37,0.73,7,6,1,1
29,44309,164034,334,19,0.26,7,0,0,1
28,30078,75533,817,2,0.81,2,4,0,1
43,71614,192256,695,1,0.82,6,1,0,1
49,20105,108591,593,17,0.85,0,5,0,1
38,109848,146650,648,9,0.49,7,6,1,0
51,17839,136060,446,4,0.63,2,6,0,1
50,83920,154696,366,8,0.71,0,2,0,1
59,58619,44194,819,1,0.16,1,6,0,0
55,57821,114903,421,33,0.56,6,4,1,1
38,28493,136461,639,37,0.08,5,7,1,0
62,32069,104303,474,30,0.47,4,7,0,1
59,22531,118903,750,9,0.18,1,6,0,0
37,52051,72391,435,11,0.21,7,5,1,1
34,22736,149866,315,35,0.36,3,1,1,1
51,22710,63002,632,20,0.42,5,5,0,0
44,82155,40531,494,5,0.58,3,8,1,1
55,28975,188887,795,2,0.11,0,1,0,0
64,77424,9986,308,9,0.48,3,0,1,1
54,60603,37298,633,4,0.21,5,4,0,1
23,38252,6481,632,25,0.54,5,5,0,1
57,95797,61408,626,20,0.59,1,2,1,0
63,16431,126950,314,25,0.52,2,7,0,1
60,89603,152907,525,37,0.68,1,6,1,1
46,52481,130355,724,25,0.34,0,1,1,1
43,107573,32798,707,7,0.7,7,6,1,0
64,24557,96649,412,4,0.42,3,0,0,0
59,89971,69887,727,14,0.46,2,8,0,1
35,118302,24477,300,15,0.6,6,6,0,1
24,15162,153338,565,0,0.07,4,5,1,0
49,49742,132815,790,15,0.61,5,1,0,1
42,34675,179598,507,36,0.58,2,2,0,1
45,88997,132426,668,2,0.31,7,0,0,0
33,32015,147961,605,30,0.12,6,9,0,0
38,65057,29335,311,12,0.13,2,4,1,0
53,47591,147326,644,15,0.83,1,8,0,1
36,108583,91610,764,20,0.64,6,5,1,0
62,115318,16442,793,1,0.16,4,4,1,0
64,24833,51289,667,26,0.35,7,2,1,1
22,22896,58747,719,37,0.55,5,4,1,1
55,47972,42327,470,25,0.76,7,7,0,1
62,64733,152271,433,37,0.09,0,1,0,1
54,56800,77827,726,24,0.25,0,4,0,1
50,111044,111464,324,10,0.81,2,5,1,1
33,20347,136184,829,7,0.06,6,9,0,0
33,74063,92051,489,7,0.22,2,7,1,1
38,110850,155653,440,32,0.87,3,7,0,1
52,17643,64722,614,6,0.57,4,4,0,1
52,55785,97036,743,37,0.27,5,8,0,0
55,33681,152595,618,20,0.11,2,3,1,1
59,65026,71960,740,7,0.07,3,8,0,0
49,118864,24552,391,20,0.26,6,6,1,1
49,30892,146880,478,19,0.8,4,5,1,1
64,62299,159692,355,7,0.4,5,3,1,1
36,32073,5887,454,30,0.66,0,1,0,1
64,117304,36802,410,28,0.83,3,7,0,1
30,45682,90024,436,8,0.4,6,5,1,1
50,112798,123639,531,14,0.21,4,2,1,0
45,111894,123248,767,29,0.49,3,6,1,1
59,29289,86938,780,25,0.82,2,9,1,1
40,22927,127746,367,9,0.73,1,6,1,1
25,63330,31049,548,28,0.11,0,5,0,0
21,81707,82789,622,15,0.64,2,1,0,0
50,92454,89526,817,35,0.54,2,7,0,1
23,119646,143918,731,19,0.82,6,0,1,1
34,80428,51220,786,36,0.15,6,0,1,0
50,65601,51163,728,21,0.5,4,5,0,1
24,92465,139837,568,6,0.8,6,4,0,1
38,17539,122126,836,22,0.4,3,8,1,0
57,117263,86486,447,39,0.46,0,6,1,1
45,37669,181342,417,28,0.11,2,1,1,0
21,85968,80277,666,15,0.29,4,6,0,0
35,35644,109245,365,37,0.33,7,2,1,1
29,33745,127332,669,27,0.85,7,0,1,1
35,43228,27931,474,37,0.29,0,7,1,1
44,49521,94116,794,30,0.44,6,2,0,0
24,112239,60633,413,13,0.62,6,7,1,1
32,41928,56913,410,32,0.19,3,6,0,1
57,33322,99776,738,8,0.46,6,1,1,0
57,72714,30991,446,26,0.68,7,0,1,0
63,102896,190917,334,23,0.79,2,6,0,1
26,77292,109092,608,12,0.58,7,0,1,0
59,44055,191384,837,25,0.62,5,5,0,0
44,57891,146633,313,28,0.16,2,9,1,1
31,96912,152973,673,27,0.85,2,9,0,1
33,21588,100556,727,27,0.16,6,7,1,0
54,105536,67875,532,7,0.71,0,6,0,1
45,21304,161989,739,22,0.28,6,3,0,0
27,22345,67120,801,28,0.84,0,0,1,0
24,44300,138060,574,4,0.66,0,0,0,1
28,39259,115041,375,6,0.69,7,3,1,1
40,106006,133467,738,35,0.24,0,4,0,0
49,103553,150328,588,26,0.43,4,6,1,1
30,30352,123490,839,1,0.58,1,3,1,0
63,48365,131155,552,24,0.7,6,9,1,1
54,34446,33230,425,8,0.14,4,0,1,0
46,17336,64778,476,26,0.87,2,9,0,1
61,77032,50833,336,0,0.81,4,6,1,1
23,90415,27625,709,22,0.28,3,1,1,0
26,112852,37088,426,9,0.75,5,1,1,1
25,113876,177239,782,24,0.49,0,7,1,0
25,22521,108937,467,2,0.44,6,9,1,0
43,86707,81361,593,5,0.32,3,9,0,0
29,38481,93229,642,5,0.54,6,9,1,0
55,33474,140189,609,1,0.67,7,4,0,1
40,61760,95265,827,17,0.4,5,9,0,1
62,70718,102718,839,22,0.58,3,1,1,1
55,59629,65710,718,1,0.64,6,4,1,0
38,60232,99876,743,11,0.65,2,7,0,1
37,101544,35949,535,21,0.09,0,5,0,1
44,82169,158619,738,36,0.78,3,2,0,1
23,65669,73136,513,19,0.44,2,7,1,1
52,93021,116541,384,38,0.27,0,8,0,1
55,84184,66842,384,23,0.26,1,4,0,1
58,62945,31990,788,19,0.46,2,1,1,0
33,28140,152265,364,0,0.8,4,1,0,1
45,98457,35109,363,0,0.37,6,6,1,0
29,29357,135356,642,16,0.69,7,0,0,1
24,83673,155305,651,0,0.13,0,9,1,1
34,80633,133133,457,29,0.45,3,1,0,1
57,91943,170582,790,2,0.89,5,9,1,1
54,111111,6306,762,10,0.7,3,3,1,0
31,93258,8849,524,23,0.23,4,0,0,1
61,27924,17360,612,21,0.48,6,3,1,0
23,84286,116072,765,25,0.25,4,9,0,1
48,108269,99767,387,12,0.4,3,4,1,0
49,89071,181872,602,0,0.71,7,8,1,0
29,72326,173035,734,23,0.71,6,0,1,1
