age,annual_income,credit_score,loan_amount,employment_years,existing_loans,loan_approved
56,1766847,681,1157268,9,1,1
69,523412,468,705129,38,2,0
46,685417,516,767104,14,2,1
32,1680035,677,852242,6,0,1
60,388456,418,972630,28,4,0
25,755941,489,211081,2,1,0
38,1406305,669,1210294,18,2,1
56,428504,448,1451652,9,3,0
36,1894693,787,574480,27,2,1
40,852665,673,297536,28,1,1
28,1774486,459,86413,14,2,1
28,773044,650,1242464,34,0,1
41,1289385,587,901480,5,2,1
53,1789589,587,625228,11,2,1
57,916756,525,614430,37,3,1
41,251226,822,86468,12,0,1
20,699512,821,998202,28,0,1
39,1854046,572,716015,18,2,1
19,1724357,701,1277545,2,3,1
41,1277978,482,976863,7,2,1
61,1252839,787,965480,7,2,1
47,1240993,423,1334763,19,1,1
55,1426476,713,92056,3,1,1
19,772212,471,101831,20,3,1
38,536326,587,895623,2,4,0
50,424137,734,823952,7,1,1
29,1700844,412,958380,22,4,1
39,1129168,421,476488,15,0,1
61,1546457,843,682405,12,1,1
42,563476,521,326815,2,1,0
66,1600283,338,1387768,8,3,1
44,1933309,796,1043778,13,4,1
59,1759161,532,618242,12,1,1
45,891757,829,283192,6,1,1
33,590719,448,1456150,14,3,0
32,1727937,696,575005,6,3,1
64,1349947,601,1372396,37,4,1
68,762997,659,1496226,33,0,1
61,1233578,537,1279458,21,0,1
69,1440768,535,1217272,23,2,1
20,1398898,502,1062140,36,1,1
54,221172,555,54994,0,4,0
68,735843,534,840666,9,1,1
24,1196121,644,119300,15,4,1
38,1826140,833,356093,7,4,1
26,781780,765,611693,24,4,1
56,908362,840,1395592,11,1,1
35,713319,512,1402935,24,3,1
21,980298,762,566479,16,1,1
42,1076031,735,389679,25,4,1
31,1470896,582,1150293,13,2,1
67,1666554,762,1101339,35,0,1
26,1259622,706,405054,22,4,1
43,428071,387,1154056,5,2,0
19,578165,343,1305715,4,3,0
37,908662,760,1216670,24,4,1
45,616366,577,730667,17,2,1
64,1515573,720,801731,12,4,1
24,1212117,652,1175424,13,1,1
61,845188,814,1266593,27,2,1
25,1731191,318,842908,17,1,1
64,615008,322,494972,27,1,1
52,1831993,712,492899,26,2,1
31,1454126,329,531215,31,0,1
34,444883,407,750636,8,2,0
53,1886994,666,470162,39,0,1
67,1709090,580,820050,31,4,1
57,1149491,427,1041437,19,4,1
21,871210,528,95095,27,2,1
19,1129616,410,442118,32,4,1
23,1370365,435,400067,3,3,0
59,879418,661,1491246,33,1,1
21,900780,485,1207738,2,1,0
46,1811754,428,433071,25,0,1
35,1314593,560,320170,7,4,1
43,1426952,814,1425645,5,0,1
61,1936857,748,1394385,15,1,1
51,699137,403,321421,23,1,1
27,856884,782,223311,38,4,1
53,824712,523,490880,29,3,1
31,893264,790,884440,12,3,1
48,1041344,772,706030,4,4,1
65,1806872,309,1318859,24,4,1
32,1641852,704,723249,19,0,1
25,1978602,601,749895,17,4,1
31,807847,530,390686,17,3,1
40,1303913,365,1415039,1,4,0
57,1097048,411,295144,9,0,1
38,1524070,312,1294360,11,0,1
33,1272930,692,984137,12,0,1
62,1293762,799,826505,10,0,1
35,752433,533,1002164,18,2,1
64,627236,613,381119,34,4,1
41,1858987,311,1261820,38,1,1
43,1748459,508,502413,25,4,1
42,1979122,313,1199734,13,2,1
62,940829,717,1026351,23,0,1
58,1793445,736,913731,0,2,1
46,1861793,676,856608,21,3,1
32,485195,319,1162548,22,3,0
62,775762,369,956450,18,4,1
18,816036,510,332140,17,4,1
42,1374571,400,698456,11,1,1
24,1494266,431,1265358,27,1,1
26,1580346,680,1221675,27,3,1
41,993392,431,608981,32,0,1
18,628988,319,158944,18,2,1
61,380553,835,297572,27,1,1
25,760696,526,1442191,36,1,1
41,1080438,453,247097,25,0,1
28,1508144,768,880948,34,0,1
68,519278,704,662084,33,4,1
34,1400139,501,338213,34,2,1
25,1905277,337,1023737,39,0,1
52,899983,487,1183387,15,1,1
52,1863191,356,1288697,37,1,1
50,593554,319,430172,12,3,0
22,1451079,572,504151,22,0,1
59,1391902,418,591287,21,4,1
56,1955796,815,1399432,15,2,1
58,1259920,520,1294199,27,4,1
45,594966,825,745532,34,1,1
24,1840821,814,345866,7,4,1
26,305423,635,847057,21,1,1
25,520197,354,248237,20,1,0
29,664071,799,581147,25,1,1
51,871256,835,1009113,39,1,1
50,386833,461,1010811,20,1,0
65,917912,458,685274,24,3,1
40,975435,487,1382559,0,4,0
41,277454,359,1387936,5,3,0
54,1506170,618,889385,22,3,1
52,1760473,510,99522,22,0,1
61,1601320,705,280233,22,0,1
57,1109164,408,448102,31,0,1
39,1764718,375,1471969,29,2,1
44,1145439,841,57485,12,0,1
52,237641,613,162701,17,4,1
18,1802575,416,257352,22,3,1
52,1617616,318,234514,14,4,1
54,1916118,731,495093,32,0,1
64,812121,649,848658,20,2,1
31,518420,482,667693,38,2,0
20,481685,412,1308624,22,3,0
18,1724102,482,1055535,26,4,1
22,1293389,780,87019,17,1,1
43,1941134,445,1012452,23,4,1
31,864180,412,1360073,39,0,1
56,486214,775,639421,6,1,1
44,1128626,602,429747,19,2,1
26,542703,417,208598,26,3,0
32,404615,460,702873,5,3,0
32,1725233,700,879827,26,2,1
43,1814650,497,467247,8,0,1
59,1998870,559,518758,30,2,1
30,599953,346,1005205,20,0,0
68,1171741,698,424743,25,1,1
49,1038003,377,75939,39,2,1
56,1536230,423,1016649,12,0,1
66,481570,374,987828,22,1,0
69,1285841,436,1252515,19,2,1
49,1497897,699,836635,36,3,1
21,266150,804,984048,27,2,1
47,1860176,799,983403,16,4,1
54,1338189,437,578036,27,2,1
40,537054,349,1334670,1,4,0
56,321826,553,1477989,24,1,0
62,759723,725,917196,5,2,1
32,650348,846,1250532,10,1,1
60,1458593,601,1254831,37,1,1
46,1199554,648,1049074,5,0,1
53,334055,348,514462,10,1,0
30,690457,373,944468,13,1,1
49,876022,560,724619,1,2,0
24,1009942,655,952957,39,2,1
68,1982123,559,397823,2,3,0
39,896358,594,1224405,34,0,1
45,1698638,612,1226792,32,1,1
19,1342647,481,225607,23,0,1
59,1555267,663,459319,18,4,1
62,1041052,487,402156,17,1,1
23,346389,842,324535,23,0,1
45,1888472,847,1201052,34,3,1
45,469708,707,996405,0,3,0
61,1931281,713,432865,35,1,1
61,838112,641,671825,24,4,1
37,1211727,519,967472,33,3,1
47,454444,462,231429,24,3,0
28,803561,519,1316556,15,4,1
45,1061291,569,871935,33,0,1
42,411837,699,1173979,28,3,1
56,310017,481,638574,18,2,0
50,323618,504,386986,22,3,0
18,659297,527,154927,18,0,1
44,1373917,549,535833,24,0,1
69,1220154,740,349372,15,1,1
30,1015862,832,73386,8,2,1
58,1979468,495,1276402,0,0,0
20,752076,818,1389022,18,4,1
56,950865,369,1421535,32,2,1
23,641759,698,302156,33,2,1
25,1082554,502,1052252,15,4,1
44,1812838,447,899776,39,3,1
26,1093741,771,1003122,17,4,1
54,740659,498,519450,33,4,1
50,622845,725,373258,24,3,1
68,906544,791,298724,5,3,1
59,524060,441,251202,20,3,0
61,1846836,612,1124101,5,3,1
41,1441835,464,1178394,31,3,1
32,475128,613,164589,38,4,1
49,1019471,320,1243982,30,1,1
49,809719,381,669003,9,1,1
41,1070123,430,243839,29,0,1
58,1045038,604,843076,17,1,1
69,1652408,670,413298,23,1,1
66,1089097,683,556453,8,4,1
66,1878237,744,1000437,30,3,1
69,1429720,724,307438,14,3,1
29,450195,460,879901,3,4,0
56,1392324,477,476903,39,1,1
19,1652608,789,943041,8,4,1
20,232733,626,495872,8,0,1
66,1989616,588,460591,25,3,1
54,726338,653,1425926,3,2,1
66,309996,327,932894,16,0,0
34,758221,342,489503,15,0,1
66,749239,722,1185300,14,4,1
19,756701,476,803492,34,1,1
19,1414449,828,146393,4,3,1
45,1959555,793,645484,4,2,1
40,1150417,497,451426,19,0,1
54,1099005,816,1131916,14,2,1
49,1236580,813,351994,17,1,1
50,633816,321,1024488,1,1,0
18,1961711,411,687999,28,2,1
36,1470464,356,789538,12,3,1
19,985332,365,1109670,3,1,0
61,1994029,397,1000922,9,2,1
43,967950,443,515590,30,0,1
49,366472,734,1483284,7,2,1
23,597710,385,1167374,2,2,0
49,411760,643,952458,8,4,1
21,322744,593,251604,29,1,0
28,1978627,542,160130,10,3,1
34,1750522,331,858596,34,3,1
55,1291577,690,740955,36,4,1
41,791652,576,80257,12,3,1
22,1111420,831,457427,35,2,1
69,1031460,453,932421,12,4,1
51,438506,682,972736,11,0,1
23,953019,367,1035257,36,1,1
39,630789,513,1151267,9,1,1
28,1904742,675,468829,8,1,1
65,1110775,512,588314,6,2,1
33,1960574,378,799450,1,0,0
50,1901165,680,1391628,22,4,1
26,1112727,357,593898,38,4,1
23,699722,325,1276294,39,1,1
33,1933693,746,375329,38,0,1
46,758924,365,908999,20,0,1
20,1984033,553,1277222,22,0,1
37,379352,343,1091482,28,3,0
53,1010694,396,1320699,13,3,1
36,393283,526,872614,25,1,0
43,1172346,735,968074,4,0,1
20,1115015,678,593576,30,0,1
36,1698771,477,915256,24,4,1
37,1198974,726,50917,30,4,1
49,631413,606,1062544,19,1,1
24,1552564,803,901007,16,0,1
69,526898,567,908950,1,1,0
58,1151661,307,827475,24,4,1
50,1063561,807,1137680,12,4,1
57,502186,775,723422,38,3,1
56,1310241,596,329143,27,1,1
35,1495160,463,312091,5,1,1
57,1365529,784,453157,2,0,1
18,676072,371,635457,34,0,1
28,1931312,537,1253118,17,3,1
45,1226553,403,1228320,10,2,1
42,1435202,509,109821,19,2,1
67,345271,767,1316317,4,2,1
40,318533,753,299265,18,1,1
48,1168452,567,487651,21,1,1
47,1846645,685,1496321,18,4,1
59,1714542,686,1312703,15,1,1
52,266262,558,324336,23,1,0
24,1033032,582,1434822,3,1,0
33,276898,339,253834,14,3,0
43,655699,785,1185371,24,1,1
65,1397945,519,1263735,34,0,1
69,754736,428,378821,13,0,1
66,488316,819,709987,18,4,1
19,1256233,559,293877,37,3,1
18,677602,665,1297874,35,0,1
65,1144189,843,970759,6,3,1
29,1239504,823,186285,29,3,1
22,574999,315,1200988,18,4,0
54,1932767,428,166545,24,3,1
49,207906,408,1320704,15,1,0
26,1572133,832,724533,39,3,1
58,1826892,568,835945,7,4,1
52,993719,461,1468826,17,4,1
36,1544380,559,336663,27,4,1
65,1717550,401,831163,15,0,1
33,1046936,805,1479290,18,1,1
20,915080,546,1044453,16,0,1
37,1875843,836,64995,12,2,1
41,234701,430,73559,6,1,0
50,1331876,652,571244,26,3,1
41,965537,495,1449769,9,4,1
69,1921610,681,448237,33,2,1
28,283560,526,672288,35,1,0
66,442615,775,494755,24,0,1
25,243642,776,538051,5,4,1
53,717083,564,875782,23,0,1
55,691036,671,489439,17,1,1
57,527304,785,1124093,22,1,1
37,565464,733,465466,5,2,1
52,813089,510,1314134,28,3,1
65,1536651,676,526111,24,0,1
42,1342953,694,925564,16,2,1
52,526916,749,534282,23,4,1
42,1700554,663,571396,10,3,1
46,512250,756,1204262,25,2,1
35,805409,525,1364047,33,0,1
63,1274135,430,997272,27,1,1
35,1092027,775,769778,2,4,1
19,758030,576,1084451,10,0,1
52,1056101,455,1312032,37,3,1
33,1925690,517,358974,13,3,1
58,1383620,489,102446,25,1,1
53,1360793,716,1072582,20,1,1
50,1814737,845,761943,38,4,1
21,1092964,340,994734,29,4,1
50,603119,606,190148,7,1,1
31,858380,637,81085,19,1,1
38,1335564,613,1416291,31,3,1
65,769936,374,574006,21,1,1
37,325991,578,1489028,6,2,0
25,602732,475,1104326,8,0,1
24,706079,572,390912,0,1,0
20,726684,588,85903,28,4,1
34,1332658,571,1302137,7,2,1
50,328322,365,662242,3,4,0
65,856951,782,562493,34,2,1
29,211303,547,1055489,2,1,0
68,1410209,455,919446,39,0,1
39,1582439,346,691593,6,4,1
39,1498266,753,250753,26,2,1
63,1209612,500,82101,0,3,0
47,299616,423,52775,26,1,0
55,1110597,300,540399,15,0,1
55,1334807,490,95619,37,1,1
62,469458,815,1350964,6,3,1
68,1268199,741,462755,22,0,1
25,923035,442,115149,10,3,1
44,690042,490,76616,32,1,1
44,658298,832,796055,35,2,1
51,1247343,526,1284215,36,1,1
38,1725416,612,256903,16,1,1
47,305228,601,1329894,34,1,1
50,626346,759,1088218,4,4,1
45,1955692,700,402365,31,3,1
64,1084056,692,951311,2,3,1
50,1930228,506,337623,34,3,1
22,1769123,509,411309,13,4,1
65,1317850,414,105863,30,2,1
36,1382117,550,1271691,30,1,1
21,1302523,518,545654,16,2,1
52,1926470,706,827635,23,4,1
66,1443268,742,763340,22,3,1
34,248874,653,1050460,17,1,1
61,1822572,849,328495,13,0,1
45,1323129,441,1233779,14,0,1
47,792632,800,297908,14,2,1
46,909662,846,881257,5,3,1
63,771926,841,1290579,26,0,1
23,1326825,806,1373173,14,2,1
52,727007,580,651982,35,4,1
58,878250,723,983334,7,2,1
54,670452,569,750033,14,2,1
41,1678301,453,963438,2,2,0
46,242534,382,794822,12,1,0
66,695518,725,619354,33,2,1
63,816529,574,184445,23,2,1
48,612003,583,453551,39,1,1
52,326209,472,991245,31,1,0
50,642061,626,619829,31,4,1
69,1437580,362,1263705,29,3,1
38,816412,372,641271,12,0,1
49,1864523,674,203837,0,0,1
40,364134,807,764647,33,2,1
50,1324289,697,957179,14,4,1
20,1991199,419,921535,13,2,1
35,688972,736,227597,28,0,1
42,1177965,764,1085408,33,1,1
59,1323994,585,528454,17,3,1
48,1184176,564,1386286,6,4,1
20,1376808,619,909625,28,1,1
57,720551,675,546440,30,3,1
63,363038,388,826372,24,4,0
41,1190049,502,695303,37,4,1
67,1130491,633,222257,13,0,1
49,1416959,521,1322597,7,1,1
64,1574572,340,345599,26,4,1
39,458722,367,995522,1,4,0
40,332079,813,366363,16,3,1
19,402053,426,882423,36,0,0
44,800530,554,647904,13,2,1
59,1427165,315,166841,24,0,1
19,1751814,776,219934,29,2,1
43,1277833,361,1185270,28,1,1
34,680488,731,287068,19,1,1
57,635423,567,880288,20,4,1
50,1392929,334,151407,21,1,1
26,523390,793,901161,34,4,1
60,463579,768,1335076,36,0,1
65,1478523,624,628641,15,1,1
56,1480334,603,755356,16,0,1
46,1864221,575,1309720,15,0,1
59,1406308,500,86683,1,1,0
43,1199701,744,1212667,3,0,1
52,1131011,623,167797,20,1,1
67,1976531,334,374934,38,1,1
42,1856671,781,1392200,33,1,1
41,1687331,779,335713,29,2,1
30,338563,364,847583,5,0,0
24,983066,307,514310,16,3,1
53,1754623,600,1288822,38,1,1
62,905552,642,607242,24,0,1
37,526032,730,1080488,4,4,1
18,797897,723,818223,4,1,1
25,972800,631,159373,19,1,1
63,1502549,737,608988,15,3,1
33,1531673,473,1060540,36,2,1
31,1625402,826,1222304,39,2,1
29,1762833,325,903220,8,1,1
68,1927757,705,964424,4,0,1
40,1679359,531,916491,1,4,0
32,1363950,832,969134,8,4,1
45,749148,849,1486803,35,0,1
51,876555,804,138059,21,1,1
19,801763,478,882583,21,4,1
49,684090,431,492136,21,2,1
40,1073698,754,248303,33,0,1
39,876787,647,561162,28,3,1
68,1537803,839,523573,37,1,1
42,942406,705,1363982,32,0,1
39,1043804,375,379125,17,4,1
39,848074,791,957383,6,1,1
66,1161568,493,959531,0,2,0
69,1780677,461,1180548,32,1,1
59,1280174,646,1436205,0,1,1
23,1754510,660,1153298,23,2,1
32,1865970,386,231890,3,2,0
60,489226,561,997436,3,1,0
54,1015673,513,1367621,17,2,1
50,427286,561,167473,26,0,0
25,637785,582,320741,31,2,1
61,1260321,766,1490351,32,2,1
61,1012461,679,908823,27,1,1
22,1392673,661,789574,35,0,1
56,432732,748,375437,5,3,1
21,1918224,740,206877,15,3,1
23,813474,392,922834,33,4,1
62,1124044,723,493066,22,2,1
49,1084200,441,384923,23,2,1
69,413030,590,669696,12,0,0
47,924238,731,170062,17,3,1
64,1814710,348,1110676,12,4,1
52,1218652,601,1417741,36,0,1
57,1586652,489,1082499,38,2,1
69,348554,435,1488846,16,3,0
33,485555,703,1293048,14,4,1
30,644191,640,928878,17,1,1
67,1702337,617,284196,22,3,1
59,1754094,662,257609,29,4,1
47,1589517,681,725302,33,0,1
36,514451,532,333006,3,1,0
34,1120597,643,323813,2,4,1
36,1532762,848,957651,6,4,1
45,1825794,828,759132,17,2,1
43,972944,482,323022,6,3,1
54,1686205,340,839417,39,2,1
43,968747,696,541121,5,1,1
40,424695,793,1303296,21,4,1
26,1084315,632,331075,0,2,1
29,1544476,426,1191452,3,3,0
18,1301844,300,574624,28,1,1
18,1681006,467,879365,20,0,1
64,1461519,318,1052403,25,2,1
51,1670394,631,1406256,13,1,1
49,908691,755,643792,8,0,1
65,773189,408,673502,11,2,1
42,1610706,567,1280796,5,1,1
57,1443064,744,163936,19,1,1
62,1936132,539,66279,23,2,1
18,590530,600,1298313,26,1,0
33,862784,402,1202327,37,4,1
56,441531,549,1465153,7,2,0
22,1495269,752,1169962,0,1,1
39,1194465,819,136124,23,0,1
46,1119484,452,1466470,6,0,1
20,903650,473,386199,18,4,1
29,1799295,642,141911,21,2,1
43,1486936,730,935050,34,1,1
33,544855,623,772030,29,1,1
68,1755979,719,1043978,28,0,1
54,1274961,784,497244,21,4,1
39,631374,711,1319670,10,0,1
46,1664811,383,426036,19,0,1
31,480783,412,287723,28,4,0
45,1334106,631,1431848,33,2,1
22,483707,677,888927,0,1,0
64,577816,340,132806,30,2,0
66,1678236,404,781893,29,3,1
47,1186420,501,1328673,17,3,1
63,1650503,749,1024334,16,3,1
69,1978254,565,1042144,37,4,1
22,545114,509,247478,13,0,0
29,443373,417,537436,22,2,0
33,547697,676,1410369,24,1,1
43,1410355,839,539709,14,3,1
43,1418758,383,487585,21,2,1
65,1246914,753,1330780,2,3,1
38,1965724,813,407546,18,3,1
56,1855743,686,867108,33,1,1
53,1156331,649,900525,34,4,1
50,1486836,595,231871,0,0,0
47,1123159,557,391558,20,4,1
54,1171129,380,548512,28,2,1
40,1919187,567,1453815,5,4,1
27,846701,718,817442,36,2,1
22,986958,534,525278,0,2,0
53,530904,610,344067,0,0,0
51,1296413,656,429593,26,1,1
69,718349,512,544955,20,0,1
48,984838,348,1334574,15,4,1
27,997968,426,1096195,39,2,1
36,1801405,522,696045,25,3,1
49,279083,578,867459,15,3,0
18,758819,707,740824,27,2,1
22,1519432,804,1395205,0,0,1
62,1614821,593,1358014,35,1,1
21,1847608,576,200528,9,0,1
33,977147,737,518011,16,2,1
41,1248382,406,347698,22,2,1
33,854037,719,1407642,6,1,1
19,1238836,728,1374129,6,4,1
66,1041047,674,774687,14,4,1
45,806791,372,796760,33,1,1
49,1502922,329,348783,3,4,0
44,809996,487,1329758,13,3,1
37,915472,663,1187613,13,4,1
41,1875335,750,798423,15,4,1
29,1244244,494,1287063,6,4,1
67,978513,455,68074,31,3,1
52,1406237,471,720909,18,4,1
50,1933951,340,1390683,1,3,0
50,360081,362,806967,9,1,0
68,588590,322,626553,16,0,0
60,1965982,659,66061,36,1,1
54,1093093,374,1258458,11,0,1
29,881503,417,503222,5,1,1
20,1254730,679,687790,21,0,1
18,877164,589,1383520,31,0,1
50,1159192,739,1476912,19,2,1
57,1312864,306,552175,0,0,0
27,251195,495,1355081,5,0,0
60,482725,720,681516,18,2,1
61,645864,492,256548,17,4,1
46,492231,447,500983,5,4,0
30,905290,501,518535,32,2,1
29,364053,743,546005,22,3,1
48,793586,718,750757,22,0,1
63,1979240,726,1111809,25,0,1
19,1685200,778,816565,12,2,1
68,1288075,774,533236,6,2,1
67,1636536,425,902159,14,3,1
52,645485,694,1431173,26,4,1
40,1942495,624,678423,25,1,1
34,1493774,691,420608,32,4,1
43,1716111,739,267314,14,0,1
25,1869211,503,587970,35,2,1
46,1559507,785,204455,26,3,1
43,1546208,330,1418880,4,4,1
27,536585,687,798692,1,3,0
43,1978599,733,335810,32,4,1
51,222431,675,1419537,15,0,1
68,1572401,643,477858,22,1,1
58,1443131,742,584522,37,3,1
24,847008,374,631904,15,3,1
21,773441,454,321365,13,1,1
67,468512,729,1241058,28,3,1
62,1098792,662,766773,25,3,1
28,376076,747,1099627,34,4,1
46,1468300,533,128116,14,4,1
53,1829849,561,434370,2,1,0
42,1563046,424,1327507,22,0,1
38,1881601,544,1405477,28,3,1
53,1984997,841,569385,33,0,1
27,878758,784,1481728,32,1,1
54,953753,421,276572,22,1,1
26,250861,424,181379,6,4,0
41,1586617,848,1036399,2,3,1
52,1461553,469,276256,31,2,1
66,851406,423,872376,30,1,1
52,921001,334,935987,17,3,1
65,209078,386,612422,6,0,0
53,524912,500,470539,0,4,0
35,1823911,668,252834,13,0,1
66,1058058,376,1326155,31,1,1
56,1044092,358,600242,5,1,1
49,1167290,730,760381,38,0,1
41,1643717,799,1450679,9,1,1
40,415048,408,801287,6,3,0
49,960581,577,1365712,25,1,1
54,1890696,367,576249,33,4,1
29,1116838,368,586785,29,3,1
66,849438,464,475767,35,2,1
30,1405663,788,849687,20,1,1
40,233320,604,185639,16,1,1
42,527025,664,810177,32,4,1
52,815115,678,1118965,9,4,1
58,1761863,642,1274171,11,0,1
47,564359,653,1484522,15,0,1
34,1143793,715,373720,31,0,1
66,1508507,408,1094846,14,4,1
37,1143187,796,880351,26,0,1
65,606845,640,787463,27,0,1
42,1797690,682,53358,16,2,1
39,300734,832,400679,1,0,0
30,357702,599,551110,35,1,0
36,954122,438,1351133,6,4,1
66,1425811,658,257596,12,3,1
53,1347087,798,680270,14,2,1
29,1183939,684,278129,24,4,1
58,1522373,579,378953,22,4,1
36,1931897,782,667367,21,1,1
29,806229,410,1154381,25,0,1
26,929497,438,212421,32,1,1
24,298818,734,1306425,10,0,1
45,1173950,808,911465,9,0,1
31,352360,572,288483,24,4,0
48,819369,398,442551,36,0,1
69,761165,403,1142617,37,2,1
36,573706,513,320146,23,2,0
64,1132817,464,1430503,39,2,1
33,1460533,819,157524,32,4,1
22,272715,583,268306,16,1,0
52,341398,816,961289,23,3,1
29,1882955,463,594026,36,0,1
42,1767628,363,163776,1,3,0
69,1381208,390,230494,31,1,1
38,1065580,416,242971,23,1,1
53,283186,566,979896,8,4,0
40,1935826,439,327785,3,2,0
33,1399670,545,1440254,16,2,1
56,794604,694,318449,16,1,1
62,1276956,786,803622,29,4,1
59,834486,775,1379502,39,4,1
56,464500,816,1438977,10,0,1
31,270326,483,286371,20,2,0
48,1078879,319,652251,20,1,1
22,839282,823,696275,17,3,1
52,420971,828,174591,28,2,1
40,1006481,446,642054,23,0,1
46,1717509,603,580799,9,4,1
60,1417060,527,689104,16,1,1
28,1231519,401,550981,17,2,1
35,989352,716,823720,19,3,1
64,684410,515,993681,36,0,1
29,1590281,706,316909,17,0,1
26,425314,698,1250002,16,2,1
27,1687292,798,1384649,8,3,1
61,1828094,764,1258468,13,0,1
34,1740448,381,1210152,28,1,1
55,716998,664,1033667,30,0,1
24,1147531,462,1176101,3,3,0
63,1768560,347,63780,17,4,1
30,665757,810,318733,19,4,1
57,1623060,628,930096,8,2,1
59,708062,415,1013443,12,3,1
26,1832185,636,154188,14,0,1
67,332028,446,667614,26,0,0
44,431447,622,877385,14,4,1
19,1060563,742,640073,27,4,1
22,1689700,312,1124477,36,1,1
46,1195843,793,517927,18,4,1
54,826045,586,1376980,25,1,1
55,1681235,413,699285,25,0,1
36,501207,779,347584,24,1,1
25,1624945,321,1455802,25,1,1
65,1627120,648,942015,25,2,1
62,1591538,619,630971,27,4,1
18,466847,425,436350,17,1,0
39,920488,576,222502,31,0,1
69,796387,503,824107,2,3,0
34,619065,493,904741,1,1,0
24,887220,846,882359,32,4,1
42,231585,585,1305062,18,2,0
62,1663807,356,962935,16,0,1
21,1195043,602,499777,32,2,1
53,1816449,462,191449,11,3,1
23,489102,318,627880,2,1,0
48,1536737,669,1236995,25,1,1
36,1635397,563,345920,34,4,1
61,1162854,412,971287,7,1,1
56,479922,787,185370,35,0,1
44,900601,626,906636,6,3,1
27,1290805,841,922639,35,2,1
43,1335228,364,498377,15,3,1
36,1114699,591,897084,23,1,1
56,449474,324,541830,0,2,0
20,1952300,848,966004,24,4,1
62,1112935,300,293767,9,3,1
30,460116,848,477244,15,2,1
67,1071310,440,554677,15,2,1
45,1144994,487,913428,7,2,1
37,720985,427,866698,28,0,1
45,219975,500,568895,38,3,0
25,357795,426,1325393,27,2,0
58,1665071,556,467216,5,3,1
56,1457949,846,981515,15,2,1
18,1129065,493,1101442,19,4,1
20,1224939,403,162669,15,4,1
30,1445709,834,842330,6,4,1
45,1074829,564,330539,13,1,1
66,1953089,683,1070747,25,2,1
42,1543862,559,316150,25,1,1
50,1837188,713,739753,13,3,1
55,1424613,657,493258,6,1,1
23,588076,374,539415,32,3,0
61,860008,654,997135,25,3,1
62,890493,487,1456396,19,3,1
49,1168181,589,696012,2,1,0
62,820347,344,943659,3,2,0
64,1212092,382,774857,25,1,1
38,822605,422,538029,10,2,1
33,925495,657,222646,1,2,1
38,1545766,827,1392137,13,3,1
28,1688856,365,400164,29,1,1
54,301459,674,1444359,11,2,1
53,961985,461,1193457,25,4,1
52,400422,679,292934,32,2,1
36,1350096,657,182659,12,4,1
37,785560,487,551323,13,1,1
35,947512,621,689872,23,1,1
64,716123,749,797108,33,1,1
58,1578369,773,912318,25,2,1
66,526818,312,986320,20,0,0
31,1236548,483,865864,27,2,1
32,344832,410,1278265,35,2,0
48,352999,807,1433093,39,3,1
18,548619,589,1263865,1,3,0
20,261367,594,1381604,8,2,0
33,953315,750,317598,22,4,1
40,605804,514,1200997,14,3,1
28,1108182,326,1336821,12,2,1
29,957038,530,1051452,22,0,1
27,1484382,620,1145687,16,4,1
49,1104586,532,482829,1,1,0
33,1956169,736,266750,19,2,1
25,1293314,832,170592,19,2,1
55,757685,702,284000,2,4,1
29,1592909,352,830277,11,3,1
41,1587087,612,372137,39,3,1
45,1242377,580,1227228,1,3,0
25,402332,330,976352,35,1,0
45,582729,636,558069,13,4,1
53,1360029,482,902557,15,4,1
43,1268392,322,1316092,18,3,1
25,1159744,843,429653,33,3,1
67,1123780,745,1160178,5,0,1
45,969299,373,253117,12,0,1
45,1665291,309,287069,35,2,1
54,1206080,783,616510,21,2,1
58,571000,755,1339660,17,4,1
53,413567,459,1340894,11,4,0
44,1763509,313,758092,29,1,1
34,795923,477,1483370,39,1,1
26,416184,711,1147996,6,0,1
50,498090,352,649792,31,2,0
37,517348,707,321604,18,0,1
30,1431534,321,673607,5,0,1
45,1189156,329,714635,19,2,1
65,1526283,559,718629,26,1,1
46,292324,504,1221248,36,2,0
30,423536,358,1433640,6,3,0
63,1520567,770,563953,4,3,1
52,226155,765,467582,10,3,1
23,541815,311,94036,14,4,0
35,1889755,589,1247017,2,1,0
68,660494,653,192867,4,1,1
22,349381,374,1168597,22,4,0
64,1380267,740,419349,36,0,1
42,1724986,540,735503,8,3,1
19,643324,453,472641,14,3,1
27,234707,395,387283,2,0,0
47,1137841,593,810592,28,2,1
67,1767053,508,633117,5,2,1
62,1970440,642,441180,16,1,1
22,1951550,387,851151,25,4,1
50,946788,689,683718,20,1,1
18,553299,624,450782,7,2,1
35,1407068,456,62306,20,0,1
49,1722688,436,628110,10,1,1
64,370102,727,74042,37,3,1
66,594274,751,458302,7,3,1
28,417285,440,722747,23,0,0
38,1586980,382,663712,34,2,1
43,1408052,476,1281266,13,3,1
42,958842,497,797410,13,3,1
39,1222788,720,199395,9,4,1
44,1409504,700,911858,11,1,1
66,1913136,770,1088457,37,2,1
30,1050610,517,685311,33,1,1
50,496141,474,985783,9,2,0
51,1143115,322,1407719,16,3,1
58,1892137,534,112780,16,4,1
52,1945171,312,859340,2,1,0
18,1497076,400,1486998,30,3,1
38,1938993,835,1199282,0,2,1
65,1380887,822,172019,11,1,1
23,445546,751,421852,38,1,1
45,1445309,730,229001,3,3,1
34,851233,832,845775,12,1,1
22,1818136,592,1198836,33,4,1
48,1241592,400,1269439,20,4,1
22,346470,801,734494,21,3,1
55,844318,603,1079870,3,2,1
20,1567223,839,643731,17,3,1
40,1255146,654,804471,4,4,1
54,530929,602,369674,18,0,1
54,1781974,795,710187,1,0,1
27,1747691,526,146143,11,1,1
27,279141,535,194771,16,1,0
36,212115,754,1070332,9,0,1
34,1287638,312,1058923,33,4,1
38,1009343,509,950959,5,1,1
31,1876925,696,710673,7,3,1
26,1543276,399,161362,10,3,1
63,590479,330,1389527,11,4,0
18,1774833,827,226298,8,1,1
68,1030185,628,633838,1,3,1
62,597686,465,523288,7,1,0
30,1370439,758,315702,10,1,1
21,996657,399,1042812,35,3,1
18,1749652,472,362257,9,0,1
66,847296,461,1003847,20,3,1
57,1749302,562,1156795,19,4,1
49,1225799,573,1004470,7,2,1
51,1927132,302,739129,35,3,1
45,1878687,327,825292,28,1,1
48,1000101,625,286495,11,1,1
25,1883541,448,331373,13,3,1
56,1244257,839,239073,20,2,1
43,248320,787,409281,21,3,1
51,1164918,737,874516,20,2,1
20,696758,364,918212,29,2,1
67,1395225,655,1060396,38,4,1
29,1373930,832,1246454,19,1,1
18,812297,551,269707,23,1,1
61,648625,534,291249,22,2,1
22,228625,526,1135610,6,1,0
47,936400,824,221389,8,0,1
47,1534809,612,1109165,0,2,1
34,1285063,348,1155797,25,1,1
65,1707630,417,1354503,37,0,1
64,1476647,353,1459020,37,4,1
40,688011,343,691517,21,1,1
32,1560858,352,875963,9,0,1
54,1422471,824,626515,5,3,1
38,630424,401,315308,16,3,1
31,516205,697,143078,37,0,1
19,1148163,437,877679,23,2,1
28,1247328,686,809401,9,2,1
68,301376,410,624887,7,1,0
56,1673682,316,514761,20,3,1
55,1033487,481,976921,5,2,1
51,967629,835,1288227,20,2,1
55,1530228,840,118207,38,3,1
67,1720708,470,384199,23,4,1
51,358056,708,938698,32,2,1
35,834457,677,1438990,17,0,1
47,760347,487,161426,27,1,1
32,662785,529,184794,31,2,1
44,1876273,418,1456352,11,2,1
68,1748229,455,595726,26,4,1
51,1232766,764,633107,9,0,1
69,729992,403,93856,31,1,1
55,1178080,801,492244,25,2,1
50,928744,474,1158383,24,1,1
41,942488,720,886309,10,3,1
32,835567,433,540999,22,2,1
47,882568,690,1142037,33,2,1
59,842804,800,667762,39,3,1
68,722828,332,395280,22,4,1
34,678366,354,1381155,28,2,1
22,921384,818,457407,30,1,1
46,1157386,311,921158,6,0,1
21,619139,827,1353306,39,1,1
27,719777,672,1345308,32,4,1
34,1624764,783,470602,20,0,1
27,432549,527,325848,1,1,0
34,1802029,606,106635,17,1,1
37,1840067,756,969627,32,3,1
41,684965,459,1451430,36,4,1
22,990546,630,815197,33,3,1
51,1182469,524,295984,19,0,1
23,236321,803,1423713,34,3,1
19,535441,755,1211328,17,4,1
30,1493590,344,1309770,23,2,1
60,356498,513,278584,7,2,0
60,1266348,358,182886,29,0,1
65,990144,494,1177113,9,2,1
28,594583,788,886690,22,3,1
68,438389,456,135166,10,0,0
64,839430,525,425854,1,4,0
40,1864600,711,1396419,25,0,1
33,1300500,504,358479,35,0,1
48,1776590,378,914285,32,1,1
28,1599872,423,347883,12,1,1
33,1276299,770,609073,39,0,1
25,958470,517,213052,24,2,1
21,864468,815,806079,3,1,1
57,408786,403,1493401,18,4,0
21,1808507,692,116253,17,3,1
42,886684,733,528697,36,1,1
20,1463008,630,665416,29,0,1
49,1228400,442,211081,18,2,1
20,1388575,839,964013,22,3,1
44,1080112,577,685254,15,1,1
46,558690,532,1236430,0,2,0
49,1139947,828,673640,11,2,1
67,279973,389,469149,23,2,0
68,834122,791,797567,33,0,1
36,1248173,498,682585,7,4,1
38,1702025,661,612634,17,2,1
22,487681,740,1210714,4,3,1
35,694509,325,362916,25,1,1
45,1880386,324,90149,29,3,1
59,1795476,693,398844,12,0,1
39,425049,806,933190,18,0,1
38,1517191,600,178447,28,3,1
23,366703,638,511693,2,4,0
18,964357,566,1104271,25,0,1
22,947419,760,884379,39,0,1
58,1279924,755,1276872,11,3,1
29,1444380,659,882297,1,0,1
43,335832,367,730913,10,4,0
63,1543499,711,1465221,27,4,1
51,483780,790,1421130,17,4,1
66,1854753,348,1464474,12,1,1
31,1302127,401,403039,36,4,1
43,604772,515,992320,21,4,1
62,1915499,737,1411425,11,1,1
44,771107,458,242994,1,2,0
26,1584490,788,1476420,36,0,1
43,1208559,541,910346,6,4,1
64,620182,304,1100457,25,0,1
39,1461357,660,359509,25,3,1
64,1701681,758,1177787,23,0,1
47,882347,547,1037626,11,1,1
60,1222378,721,1254654,15,0,1
65,913708,314,1401918,22,0,1
34,748884,421,990335,39,0,1
43,1050538,576,1009820,8,2,1
53,1225014,752,1325779,31,2,1
18,1187471,689,769846,14,3,1
25,259182,593,1138129,36,1,0
66,549307,745,1496714,12,0,1
52,501454,509,959210,4,0,0
69,1566808,601,710046,10,0,1
32,1901667,522,82766,9,0,1
64,1388554,302,605710,12,2,1
39,1023346,817,953022,14,3,1
31,1096782,392,324349,6,4,1
43,1818243,819,529806,39,1,1
45,1720404,727,1253175,27,0,1
40,970188,792,1477197,31,3,1
31,458517,534,1126778,34,4,0
41,1155154,460,489358,14,3,1
19,1688673,630,898124,35,2,1
62,1557133,632,787744,20,4,1
43,337084,349,70855,5,3,0
31,905475,822,526963,0,2,1
68,782004,791,861527,3,3,1
24,1080179,571,1006228,10,3,1
20,948013,551,361385,25,4,1
64,891738,389,677407,36,2,1
40,1946588,745,1193413,22,0,1
63,1452078,631,273068,28,1,1
60,344539,438,406427,20,4,0
64,624226,656,983476,26,2,1
62,1770439,573,173805,38,3,1
35,1370575,318,859359,39,2,1
55,1363369,610,165657,12,1,1
52,1705949,453,903062,22,1,1
68,1618897,689,154428,15,0,1
32,212289,559,172035,29,0,0
42,900336,424,1329356,3,1,0
54,898956,653,962676,39,4,1
45,1505944,572,119518,15,4,1
27,286365,544,226355,30,3,0
56,954950,749,717565,24,0,1
34,375211,546,170243,11,3,0
56,1428361,819,1057378,25,0,1
39,1321164,440,988601,36,1,1
43,263646,661,446308,32,4,1
61,465798,307,1151887,27,4,0
42,1730814,777,72692,8,1,1
34,1993961,651,729222,11,3,1
30,929532,794,442179,4,3,1
37,1123945,726,271468,27,2,1
42,1368311,338,1440227,34,0,1
21,355683,486,130152,4,3,0
27,1106323,392,513685,33,1,1
20,832259,385,1058803,33,3,1
58,736437,343,53969,12,4,1
62,1610822,436,1134309,38,0,1
35,1569909,720,381999,13,2,1
64,766956,373,91743,10,0,1
53,1655465,847,220948,37,4,1
64,1194170,811,943877,3,4,1
39,812492,455,70323,32,4,1
51,411830,554,1377148,6,4,0
64,1445077,470,608866,7,1,1
25,1665461,469,551793,36,2,1
57,365140,621,376284,9,4,1
66,1992725,755,318508,14,4,1
61,1389083,454,441011,37,3,1
36,425160,648,832259,14,2,1
59,1431897,750,226968,4,0,1
58,761672,472,107062,28,2,1
54,721998,309,1326914,18,2,1
23,806217,564,785122,9,2,1
69,1849017,737,719221,11,4,1
43,275388,546,1326485,3,4,0
51,755689,845,556995,30,1,1
62,718727,798,138302,17,0,1
23,1975767,428,1083224,15,3,1
54,1892367,626,788591,39,2,1
50,432601,703,615635,35,0,1
39,1376410,658,577409,24,0,1
38,1282660,316,133793,22,1,1
23,1500035,573,337635,11,3,1
23,1883505,415,633510,33,2,1
65,305111,390,728525,35,3,0
21,1697618,381,578036,36,1,1
47,629667,623,1215123,2,4,1
28,1911163,413,634668,8,0,1
47,362982,357,94331,17,2,0
48,498185,453,801393,34,4,0
41,1576401,703,1064348,33,1,1
26,434386,565,875992,13,3,0
20,1592291,614,1014190,3,0,1
68,1445129,340,650198,28,2,1
48,661792,404,447891,14,4,1
57,701174,492,1034210,27,4,1
54,984625,700,550201,15,0,1
53,851844,577,1091566,11,3,1
41,395246,653,1094863,4,1,1
48,1799024,555,781576,33,3,1
23,446242,398,1108644,0,3,0
19,711083,581,937198,38,3,1
37,217633,702,1386926,31,0,1
45,1212384,408,1120913,25,0,1
28,1066964,498,1250314,16,1,1
21,249104,602,297667,26,3,1
32,1159125,626,706521,23,0,1
23,1063663,453,1082321,34,1,1
66,1316964,704,564241,38,1,1
47,1788878,761,937099,25,3,1
55,1341154,431,1450791,37,2,1
68,889115,383,1196640,22,3,1
19,764678,698,1006255,21,2,1
32,1534431,408,1467231,3,1,0
28,1340234,520,457974,8,0,1
25,257993,667,577466,3,4,0
43,405768,446,606119,6,1,0
68,1406861,411,183248,22,0,1
62,971148,793,1201882,1,1,1
61,1222460,804,214726,23,3,1
22,1699576,774,994131,39,2,1
23,993853,570,757910,30,1,1
43,942296,720,424169,30,0,1
21,742015,666,750270,39,3,1
36,1098850,579,140417,33,4,1
37,1777222,582,763611,23,3,1
50,1575828,339,478638,25,2,1
37,457681,488,1110560,15,3,0
66,294018,463,1187888,12,4,0
29,1635177,835,242458,14,0,1
64,1542630,835,1181867,26,1,1
18,1899752,303,843567,3,2,0
43,429104,589,574608,15,4,0
31,1042186,732,1070462,29,2,1
55,393510,770,727044,29,3,1
54,1358423,480,1023417,35,2,1
28,1693293,547,465105,2,4,0
53,654162,578,1458791,21,1,1
30,1024899,553,1353659,21,1,1
60,1135129,480,1053466,11,2,1
20,1544613,808,684151,20,0,1
50,1324905,625,91777,3,2,1
23,1279583,656,96250,30,3,1
67,1208806,690,941372,30,1,1
27,894892,384,1400850,22,1,1
22,1564973,616,525147,19,1,1
40,1260899,511,970041,14,0,1
27,1097767,814,65216,22,0,1
61,1360932,683,396293,27,4,1
19,835232,641,577297,15,2,1
30,404451,337,926336,36,2,0
57,1527176,810,195281,20,3,1
19,755655,719,753803,14,1,1
37,1303200,468,784803,16,0,1
18,603322,642,238069,36,3,1
54,1483141,605,1462891,12,3,1
26,268008,841,164456,18,0,1
34,577539,836,1423279,29,2,1
26,316492,411,901324,17,1,0
28,272240,710,906841,13,2,1
32,1575035,505,869497,35,3,1
41,1186753,484,432688,35,1,1
55,925947,681,1468060,19,4,1
52,472900,795,83783,18,3,1
47,661227,678,84152,6,2,1
48,1547098,346,494718,3,2,0
66,335327,827,198725,33,2,1
22,849991,803,541215,1,0,1
61,1042981,321,221541,4,3,1
67,365575,512,1447203,9,1,0
31,1243445,609,958017,31,2,1
28,1748075,571,371898,12,2,1
26,693948,501,735338,38,0,1
51,1555833,331,1186168,4,1,1
29,1846933,742,1455263,9,3,1
52,429189,461,93169,9,4,0
52,598465,553,104745,37,0,0
18,451051,820,688273,26,3,1
57,1136705,779,1088347,20,4,1
39,849829,309,71067,7,2,1
46,913936,804,101033,0,2,1
25,1760354,735,95256,27,1,1
28,980641,410,795993,38,4,1
58,471830,452,289455,13,2,0
54,1754205,401,552264,20,2,1
31,515507,490,1298993,29,1,0
47,559687,380,989695,20,3,0
52,1904597,788,136803,8,2,1
38,1424491,387,1302390,16,0,1
54,1868537,493,168843,4,0,1
22,654179,403,529809,30,3,1
36,1230596,395,603280,39,4,1
31,242828,722,1311179,37,1,1
43,1035036,497,623091,18,0,1
21,472670,300,1470695,35,0,0
42,1274168,706,194282,32,3,1
62,491126,677,526545,12,4,1
59,986639,466,1124846,13,4,1
42,1480617,808,581740,32,3,1
35,1599453,612,1402206,28,0,1
57,954296,717,1113435,35,1,1
25,324982,776,994740,9,0,1
56,1505487,372,999403,30,4,1
57,1317195,440,1210038,5,0,1
31,1933264,561,1246311,0,1,0
49,508623,639,299737,6,2,1
68,1750219,607,1379773,26,0,1
55,1399751,544,192157,20,3,1
50,370963,814,1450465,27,2,1
40,1390402,636,240167,15,3,1
32,1067869,375,643805,22,3,1
50,1347116,474,1234895,19,3,1
42,1059414,408,978057,37,0,1
34,1875611,482,1325029,24,4,1
50,386994,491,973639,27,2,0
64,510375,364,186645,4,1,0
19,229301,773,1092092,20,4,1
31,1471300,399,1236837,17,0,1
57,1762579,843,392221,5,3,1
57,1244327,427,486862,28,1,1
68,393783,751,388767,18,2,1
56,1945259,668,1229580,32,4,1
68,218752,342,103687,0,4,0
23,1215416,718,904744,2,1,1
23,937565,787,1206191,20,0,1
20,868755,377,443120,34,2,1
24,417029,569,601852,39,1,0
68,1107669,614,1029091,2,3,1
25,1304849,467,581985,24,2,1
59,1507079,638,654453,37,4,1
69,1864742,492,984550,19,1,1
32,1368544,752,632111,33,4,1
64,577844,582,583903,20,4,0
46,1849423,635,556554,22,4,1
50,210699,689,966931,5,0,1
69,1444709,824,650724,12,4,1
47,734003,539,1481282,22,3,1
56,1267745,782,907549,8,3,1
44,718652,757,609070,16,2,1
53,318413,388,1177109,1,4,0
46,1892128,394,290011,18,4,1
55,1516502,751,1287903,18,1,1
50,1992113,727,122684,6,0,1
54,1771564,450,1315197,19,2,1
44,1373057,813,1333871,8,4,1
50,415400,675,825723,16,1,1
21,1232532,321,997509,26,0,1
39,759873,612,1004138,1,2,1
19,1427512,818,787651,35,2,1
27,592136,505,761423,18,4,0
22,1696906,674,203466,16,2,1
27,589954,750,284318,4,1,1
50,238067,478,422778,38,2,0
55,1946621,509,181936,17,3,1
30,218073,799,1007726,6,1,1
48,236035,763,697952,16,0,1
64,1444625,423,726315,38,0,1
53,433782,412,422818,35,4,0
62,814661,311,1202109,39,4,1
41,814805,425,918277,3,3,0
69,1838314,630,1346573,37,0,1
32,1783246,582,1168166,24,0,1
46,926331,439,1488495,4,0,1
25,1706404,700,378615,29,0,1
22,1994291,396,531530,11,2,1
46,261929,816,1404018,3,1,0
64,957771,368,1343512,23,1,1
21,1085296,417,459925,28,3,1
29,867689,358,1108302,8,2,1
62,980965,332,241896,3,0,0
19,487313,617,1139118,23,0,1
44,287468,349,463461,13,4,0
48,1283170,788,1133329,4,4,1
68,391703,318,916220,17,3,0
68,1293609,496,333460,18,0,1
53,1835997,749,283979,11,3,1
53,1190669,751,658986,17,2,1
43,1322437,588,328104,16,1,1
60,907650,440,1129367,29,0,1
44,493894,383,1075270,23,2,0
22,1813325,690,337360,10,0,1
37,1715592,514,1425147,34,4,1
28,1326798,825,647578,22,3,1
27,836308,514,621302,16,4,1
57,993153,702,185150,0,1,1
55,744897,427,1045893,14,4,1
23,1903377,776,1149095,31,0,1
25,1452557,703,623340,8,4,1
40,304211,328,1112965,14,0,0
64,1434897,637,408105,27,1,1
43,1690687,660,930147,23,4,1
63,687689,691,887165,34,3,1
60,1123160,517,922318,21,3,1
29,1060952,501,1256329,26,3,1
43,1705532,316,393150,18,4,1
30,1050741,621,1193489,11,4,1
57,1278560,817,668396,19,4,1
35,1891811,624,829091,0,0,1
42,1977758,711,319637,20,1,1
50,1254477,617,119639,0,3,1
64,362624,381,1330028,9,0,0
57,1470893,773,1415103,31,3,1
60,1541775,767,359378,38,0,1
29,893045,724,1014795,21,4,1
61,1191469,503,536084,17,3,1
53,345788,686,319515,31,4,1
65,838387,397,282520,26,3,1
21,735426,644,1342035,27,2,1
22,890658,507,721986,17,0,1
54,1168616,813,287330,38,2,1
25,223429,465,1204149,28,0,0
59,1823064,321,974634,17,1,1
66,1450956,453,187900,7,3,1
45,1690036,738,369658,30,1,1
48,972577,594,550364,33,1,1
26,1493703,518,1334283,6,0,1
68,1087700,794,748419,35,2,1
46,1265923,529,573116,17,4,1
31,1920856,319,563066,37,0,1
57,756110,447,314179,8,4,1
58,1164163,407,1208343,8,1,1
39,1812972,702,483961,7,4,1
28,1115387,782,591529,34,2,1
40,1730891,666,627263,17,0,1
18,207967,713,204226,4,2,1
63,1784735,608,1012454,13,2,1
54,425371,433,541818,27,0,0
38,1457100,582,106396,29,2,1
43,1978206,372,168920,3,3,0
63,1413261,780,456547,38,3,1
53,752467,651,244999,19,3,1
40,451537,625,113014,24,4,1
18,1956124,742,644699,27,2,1
68,1041531,399,235550,11,0,1
57,1808126,358,1285382,1,0,0
32,1064645,807,1083994,13,4,1
38,1628127,557,388585,21,0,1
64,1135772,712,1144697,30,3,1
26,671082,751,1094890,22,2,1
26,260545,364,372341,19,0,0
27,1483131,453,1183153,37,0,1
69,423894,565,406778,3,1,0
43,927506,378,1347682,14,1,1
58,1189470,614,1085141,23,1,1
52,1550642,547,710197,24,2,1
69,1815777,713,555200,0,3,1
42,1607753,324,526379,6,3,1
43,1615512,583,575754,30,3,1
28,450497,748,1086149,11,2,1
55,1173181,600,396030,4,2,1
19,1219658,367,378055,37,1,1
24,1691633,306,138422,11,0,1
35,901692,436,1065691,38,4,1
44,1733854,463,385513,17,4,1
51,1106295,382,1391293,1,0,0
44,1404680,719,1008378,9,1,1
34,893206,372,782722,14,0,1
60,1963410,536,936388,29,0,1
61,1293512,345,1250847,16,4,1
68,885154,561,1084104,3,1,0
41,1965524,475,403548,6,2,1
42,1450632,465,894156,30,4,1
24,425469,669,1266053,38,2,1
69,1276717,353,1327880,33,1,1
23,337478,718,1076163,5,0,1
41,1345935,806,865363,37,3,1
50,1109711,640,1440598,33,3,1
66,1402939,426,402621,14,1,1
46,1814432,708,522697,13,3,1
60,821827,666,781658,5,2,1
39,1819715,570,735493,36,3,1
43,693158,678,817976,31,1,1
45,1827687,372,1468006,2,1,0
67,223312,547,528705,2,2,0
38,1160612,342,352619,21,3,1
66,627387,676,656954,21,3,1
24,634995,340,408766,9,0,1
34,1972764,469,157573,2,4,0
37,1749107,511,319152,11,1,1
58,998843,792,360435,28,0,1
66,1744613,338,208477,16,1,1
37,1497638,668,1346717,6,0,1
39,1043441,450,348530,12,4,1
45,1657214,410,1250475,1,0,0
57,635684,779,869472,3,1,1
66,1805235,735,390687,9,3,1
24,257022,346,1065197,38,1,0
18,533373,665,609603,23,2,1
49,1347647,368,1396652,16,2,1
30,1430844,598,464380,5,2,1
47,1197858,595,1230594,18,2,1
40,558918,502,851125,4,4,0
68,689626,360,339385,31,3,1
36,488859,613,951626,9,3,1
49,1014037,460,145790,8,1,1
47,1872717,630,983044,26,0,1
46,755462,827,646543,12,1,1
66,1127460,637,1270851,18,1,1
62,1746236,603,1360015,20,1,1
46,1324949,802,1109926,23,1,1
47,1441597,637,368953,37,3,1
33,393718,849,151894,3,0,0
57,794305,574,1458277,23,1,1
36,263037,463,486048,34,3,0
35,1862682,742,329720,2,1,1
18,730836,618,1181960,3,2,1
31,841269,803,1098966,36,1,1
68,1482789,686,881868,39,1,1
64,404366,793,456245,34,4,1
67,702420,789,72490,30,2,1
19,354249,372,882307,24,0,0
45,1534742,808,655108,39,1,1
66,1879161,689,1460235,12,0,1
67,1238199,594,321265,3,2,0
47,860902,668,51539,13,1,1
55,1470660,848,1488122,12,4,1
68,1738112,486,362579,26,3,1
21,1309004,744,565584,5,4,1
18,1926676,662,113965,16,4,1
25,1570073,422,1471768,35,3,1
46,1885996,487,1430642,39,3,1
56,1436180,719,1196375,34,3,1
20,740340,551,1192524,16,1,1
49,1349265,848,1241890,1,0,1
27,902436,634,298099,12,0,1
27,646636,391,1080065,1,3,0
36,856031,829,845379,27,4,1
63,462307,362,817610,25,2,0
51,1552144,811,776826,21,3,1
50,1751330,438,1354397,2,4,0
40,1171248,484,1409505,34,4,1
45,663547,504,956395,11,1,1
49,603850,513,1110194,23,1,1
67,1384446,555,386430,4,0,1
24,1533140,434,1376842,19,0,1
46,710259,387,712714,38,2,1
25,1893439,506,660724,38,2,1
18,1540020,428,260448,12,2,1
20,1259325,302,1020278,11,2,1
41,828419,420,545919,12,4,1
40,1929057,684,1234685,9,4,1
25,1548207,337,1127209,32,0,1
64,425019,640,860927,39,1,1
54,1675153,320,900982,15,1,1
20,797218,541,262456,34,3,1
68,1917992,754,1397203,2,4,1
50,1539100,602,425325,4,2,1
45,1017052,368,516589,25,2,1
64,1505129,428,346213,10,3,1
25,1697108,495,1237018,6,1,1
51,919401,439,953275,9,2,1
52,1628080,743,1170523,33,1,1
49,1301928,582,220205,2,3,0
41,624127,611,1194337,7,1,1
31,1412432,834,1474473,30,1,1
49,203191,576,968196,10,1,0
63,828864,360,1203276,6,2,1
60,1444289,618,1434704,1,0,1
33,642939,351,623881,5,4,1
21,1252207,452,1068454,31,1,1
69,1385820,610,55209,19,1,1
54,504224,843,449749,33,1,1
38,420169,688,1367931,15,0,1
31,814641,847,1108503,24,3,1
48,1662073,476,691621,11,2,1
65,752959,661,1254242,6,0,1
35,1895675,613,780212,38,1,1
24,1955367,396,1307361,16,0,1
27,421972,512,388526,10,0,0
24,1638454,436,189005,5,0,1
50,948321,305,1079661,22,3,1
40,708679,408,246521,26,4,1
38,621818,846,1428336,5,2,1
36,1992725,338,973593,37,3,1
65,1927408,724,499764,1,3,1
36,904590,560,1255771,21,4,1
53,1191120,725,1499589,19,3,1
46,1255675,386,1148589,24,0,1
35,1667223,764,451562,14,0,1
19,780780,375,266486,28,1,1
18,1345298,770,476888,7,3,1
64,1165188,713,885988,36,1,1
22,754399,756,960155,32,2,1
37,263936,584,600428,21,0,0
28,1926550,538,313328,4,2,1
59,423332,671,161361,38,4,1
19,925836,794,842038,17,0,1
20,1571640,344,447172,37,2,1
40,687510,700,1115131,36,4,1
29,263530,546,664673,29,2,0
37,1678016,749,1419222,30,4,1
22,1518508,784,305658,9,4,1
54,1800946,317,804085,14,0,1
55,1862434,588,153844,17,1,1
47,1873879,713,1189897,22,4,1
26,1980752,534,885488,32,4,1
51,1396179,715,148234,15,0,1
61,1074772,798,524718,37,1,1
52,1867303,414,801993,34,3,1
69,1162361,533,1048922,33,3,1
39,341214,839,775571,27,1,1
61,839341,310,878282,1,2,0
41,1821219,505,521761,29,0,1
34,603082,546,1388563,12,1,1
27,401139,426,374464,15,3,0
47,1228494,446,604081,4,4,1
63,1221318,417,1071911,27,3,1
40,849714,681,1118203,38,4,1
49,788315,711,1422542,19,0,1
34,1699698,662,527317,23,4,1
67,1407786,808,1321209,26,1,1
68,292601,436,1019752,29,4,0
34,1278532,474,367942,26,2,1
31,1486916,588,387462,25,1,1
26,829085,780,1464906,6,0,1
57,1112735,318,400046,37,1,1
19,1718087,494,471773,4,2,1
62,1909375,629,383478,22,0,1
42,621486,474,518379,27,3,1
56,803103,748,418863,33,2,1
26,239279,653,1221675,14,0,1
39,571931,798,783362,31,4,1
60,348702,440,747974,25,1,0
63,1309639,392,1373440,30,0,1
21,973887,538,1418328,18,1,1
43,1502887,504,157449,8,4,1
46,852184,732,1201404,28,0,1
62,1939080,544,1225189,38,3,1
51,645377,616,122095,3,2,1
40,1738510,594,680212,2,0,0
54,719089,581,670740,28,4,1
28,946434,316,137593,10,0,1
23,1457008,370,741252,32,1,1
35,382051,568,1437962,37,0,0
