area_sqft,bedrooms,bathrooms,age_years,location_score,price
1749,4,3,33,7,514444
1558,1,3,38,8,420323
1794,3,1,27,9,470933
2056,5,3,34,8,565541
1529,3,3,15,3,349016
1529,3,2,32,8,458393
2073,1,1,21,8,468573
1830,1,1,5,5,425227
1459,1,1,6,4,346889
1762,2,3,38,5,437066
1460,4,1,22,5,370632
1460,2,3,18,6,435797
1672,4,3,14,3,442404
1026,4,2,10,5,360347
1082,3,2,13,9,415715
1431,3,2,31,7,403521
1296,4,2,30,9,482318
1694,4,2,3,7,540599
1327,2,3,30,8,409678
1176,2,3,6,6,369186
2039,3,1,29,3,412991
1532,1,3,8,9,461393
1620,4,3,33,3,412398
1172,2,2,17,9,432415
1436,3,3,11,8,472122
1633,2,2,13,7,450418
1254,4,1,11,4,357368
1712,4,1,31,6,425132
1419,5,3,28,9,471849
1512,1,1,6,9,443272
1419,5,3,16,8,527999
2155,3,1,4,6,456306
1595,2,2,35,7,400198
1282,3,2,26,7,412658
1846,4,2,12,9,538783
1233,5,2,11,4,388473
1662,5,3,37,4,414932
1012,5,1,25,3,327701
1201,3,3,18,6,399723
1659,4,2,19,6,463826
1821,2,3,23,7,480590
1651,2,1,38,3,329279
1565,3,3,18,8,494973
1509,5,1,26,6,427090
1156,1,3,6,3,289169
1384,3,1,4,3,357632
1461,3,1,29,9,461579
1917,4,2,34,7,446719
1703,2,1,17,3,335686
1071,3,2,16,4,347577
1697,3,2,2,4,376528
1484,5,2,34,5,430808
1396,5,3,8,7,477406
1783,1,3,13,9,529425
1909,4,3,8,8,546693
1879,1,3,30,5,406084
1348,5,1,32,4,365349
1507,2,1,36,9,429460
1699,5,3,30,5,442708
1892,4,1,1,7,538686
1456,5,1,39,9,447127
1544,4,2,17,7,412857
1268,4,2,20,3,373805
1241,4,2,24,6,384065
1843,4,2,22,3,403715
2006,4,1,29,7,478466
1578,2,3,22,9,474414
1901,1,1,9,4,368603
1708,3,1,37,8,428482
1406,1,1,10,4,325070
1708,4,2,36,9,494170
2061,2,2,37,3,408376
1589,5,2,28,8,498964
2069,2,3,28,9,521376
814,4,1,21,7,351059
1846,2,3,24,4,408031
1626,2,2,2,7,429700
1510,4,3,8,8,512624
1627,2,1,27,8,429276
1003,3,1,22,4,287696
1534,3,2,37,7,408380
1707,2,2,27,5,378697
2043,5,3,29,7,580779
1444,4,2,3,8,483624
1357,3,2,13,7,401671
1449,5,1,10,9,494694
1874,2,2,36,3,393394
1698,5,2,9,5,460985
1441,1,1,27,6,381809
1753,3,1,34,9,445421
1629,2,3,1,3,348868
1890,4,2,32,6,472481
1389,2,1,25,4,330256
1501,4,3,29,6,374214
1482,2,3,7,9,473812
1160,5,2,3,7,417740
1688,5,2,20,9,499821
1678,5,3,20,6,464177
1601,1,1,30,8,423099
1529,4,3,35,3,359206
1175,5,2,35,3,314384
1473,1,1,39,6,316280
1497,4,1,27,3,371440
1359,2,3,26,8,445010
1551,1,2,14,9,406146
1721,3,3,17,3,382301
2165,1,3,18,6,495073
1652,1,3,29,5,419712
1677,4,1,20,5,430088
1577,2,1,27,4,338606
1024,3,2,18,3,260896
1592,5,2,4,9,546250
1618,5,3,1,6,486430
2338,1,3,1,3,460253
1542,4,3,26,7,464726
1690,4,2,20,8,465745
1589,5,1,23,3,382635
1249,3,1,10,3,319456
1942,2,3,11,5,449825
1825,3,3,5,8,533491
1837,2,3,1,6,446197
1327,5,3,17,3,379281
2020,2,2,22,5,441423
1179,4,1,34,4,287634
1776,1,3,29,8,467784
2257,1,2,4,5,483329
1302,5,3,5,5,425276
1430,4,3,11,9,506130
1629,3,1,21,5,403034
1448,4,3,35,9,482118
1134,1,1,12,3,263620
1620,1,1,26,3,293134
1281,4,1,19,4,346258
1742,4,2,7,7,482752
1324,1,2,7,7,404282
2064,3,1,26,7,491266
1365,5,3,5,9,534627
1503,5,1,21,8,456440
1844,4,3,14,8,490554
1230,5,1,4,4,382321
1668,1,3,23,8,469410
1992,1,2,20,7,451351
1117,4,3,15,7,437229
1655,4,1,29,5,374475
1677,4,2,8,8,521560
1834,3,3,19,3,407273
1228,5,3,39,3,338691
1203,4,3,28,5,373629
1756,2,3,27,5,418560
1689,2,3,4,5,433251
1675,1,2,15,3,350983
1703,5,2,35,7,468879
1395,4,2,37,5,387923
1669,2,2,1,4,395726
1687,5,1,3,9,510199
1385,1,2,24,5,332119
2159,3,3,27,9,578735
1742,5,3,36,6,489744
1242,5,2,34,5,384055
1796,3,3,29,3,419919
1307,5,2,24,8,419484
1836,1,3,24,5,408847
1947,1,1,4,8,450383
1353,3,1,3,6,438180
1889,4,2,34,4,439745
1723,2,2,23,8,462878
1846,4,2,23,9,544893
2169,5,3,5,7,597610
1526,2,2,31,5,396478
1373,3,1,6,6,411499
1333,3,3,37,6,394126
1355,2,2,10,8,420603
1576,1,3,7,4,363380
1702,2,3,39,3,377130
1683,5,2,38,5,429382
1848,1,3,21,6,435609
1603,3,1,20,4,360054
2036,2,1,3,7,508931
1520,4,3,22,6,467925
2416,4,2,4,4,549333
1787,5,3,28,3,441704
1342,4,1,12,3,340681
1278,2,3,38,6,376539
1744,2,3,36,9,474162
1532,4,1,5,6,402726
1814,2,3,13,8,511450
1741,5,3,23,5,450942
1578,1,2,30,4,350607
1345,5,2,37,6,435224
1145,5,1,25,5,347156
1466,2,1,27,8,452535
1856,1,1,14,5,374816
1664,2,2,36,6,426711
1226,3,1,39,3,297448
1651,2,1,16,4,387316
1715,2,1,22,4,343947
1334,2,2,21,3,365521
1646,1,3,21,9,476158
1617,2,1,8,6,419228
1257,1,3,16,4,365942
1707,4,1,31,6,415987
1768,3,3,10,8,529702
1924,1,2,32,6,410960
1916,4,2,34,5,476676
1186,1,1,9,3,263000
1318,1,3,17,9,444408
1754,3,2,11,6,458863
1754,5,1,32,9,523582
1754,5,1,10,9,564911
2755,1,2,22,8,565058
1771,2,2,17,7,477726
1940,4,1,4,3,457085
1886,2,3,25,9,523658
1795,2,3,21,4,401647
1505,1,3,37,5,335449
1827,1,1,38,4,389588
1368,1,2,1,8,419489
1528,1,1,25,8,386447
1454,5,2,36,4,359560
1624,1,3,17,3,340283
2294,5,3,24,4,533521
1039,5,2,2,6,425335
1805,1,2,15,4,398747
1116,3,1,32,5,323988
1458,4,3,39,5,382900
1926,2,1,6,7,449803
1619,5,1,1,5,414381
1276,4,1,23,4,354257
1385,3,3,39,5,362782
1803,2,1,17,3,346580
1380,2,1,34,9,412837
1664,5,1,29,5,386196
1613,1,1,9,6,390376
1404,3,1,13,3,328999
2243,5,1,6,7,571066
1790,3,3,6,6,462623
992,1,1,20,4,240110
1655,1,2,3,9,469831
1401,5,1,17,4,355613
1855,1,1,12,9,476870
1362,4,3,1,9,469470
1565,2,3,17,4,376162
1751,5,2,3,6,470212
1859,3,2,26,6,464722
1239,4,3,15,9,464578
1499,5,3,36,6,415436
1457,1,1,32,9,408265
1404,1,3,32,9,448277
2129,1,2,4,3,407932
1721,1,1,18,8,422952
1221,3,2,19,3,308976
1875,4,1,35,4,407301
2236,2,3,14,8,533408
1909,3,2,33,5,427199
1144,3,1,14,4,334111
1454,2,1,34,7,359341
1980,2,3,4,3,427535
1387,1,3,24,6,350544
1733,3,3,29,3,398336
1832,5,2,19,6,466110
1321,2,1,6,8,432222
1582,2,3,33,7,407918
800,4,2,19,8,395641
1292,5,2,1,7,479744
1524,5,2,5,3,379293
1225,2,3,27,6,362242
2089,1,3,16,8,498082
1170,4,1,6,7,393997
1467,5,1,13,9,499106
1639,2,3,35,4,371356
2032,5,2,19,4,447266
1169,4,2,12,8,396333
1948,4,2,16,6,519112
1603,3,1,10,9,510978
1305,2,2,25,8,423870
1738,4,1,20,3,364428
1659,3,1,31,7,442320
1419,3,2,4,3,377166
1620,5,2,23,4,412027
1484,5,3,2,7,496356
1634,3,3,22,8,512121
1798,5,2,37,3,374427
2075,4,1,8,5,490665
1228,1,1,7,6,338655
2239,4,1,14,9,543337
1014,3,1,3,9,391718
1554,3,1,16,6,389441
1776,4,3,19,5,437778
1684,5,2,18,4,464143
1413,5,3,16,7,485606
1537,3,1,8,6,432397
1452,2,1,33,5,357099
1423,5,1,12,8,465407
1854,4,1,11,9,523280
1707,5,2,5,5,453902
1392,4,1,27,4,347139
1869,3,2,12,4,397623
1692,5,1,17,3,414099
1843,4,2,6,6,446198
1788,3,3,33,3,376094
1351,2,1,5,9,476396
1431,4,2,28,5,398156
1824,2,3,14,7,485256
1783,2,1,5,7,460720
1593,1,1,33,4,297040
1635,5,1,19,7,436147
1983,4,2,22,7,497498
1422,2,2,5,9,444636
1764,1,3,2,7,467596
1539,3,2,30,5,401432
1534,4,2,39,7,466746
1929,2,1,4,8,502577
1847,5,1,33,7,458429
1844,1,1,13,7,426387
1991,2,1,20,3,368058
1606,5,1,7,5,409824
1804,2,1,15,4,357666
1506,4,1,23,3,383716
1697,4,3,14,6,476682
1560,4,3,23,5,428430
1629,1,3,19,8,468977
1778,4,3,29,5,464900
1354,5,1,20,6,431920
2227,2,3,29,6,483252
1298,3,1,24,6,377637
1235,5,3,18,9,474665
1947,5,2,10,4,462888
1837,4,3,8,7,519234
1787,1,3,26,5,415757
1788,2,1,29,9,471626
1596,1,3,10,7,458595
1330,2,2,17,7,390159
1622,2,1,2,8,454762
1396,1,1,6,6,350644
1892,5,3,5,4,540519
1555,2,1,28,8,404048
1352,1,1,5,3,287269
1503,2,1,18,9,461683
1723,3,1,26,9,470476
1430,5,1,20,4,396366
1353,4,1,27,7,411860
1673,2,2,12,9,479108
1673,3,3,7,4,409163
1447,4,2,3,9,481573
1458,4,1,10,9,467196
1669,2,1,34,6,387665
1165,1,3,25,3,282231
1177,2,2,35,6,347146
1384,3,3,16,3,340453
1535,4,2,2,9,523833
1693,2,1,24,8,460939
2042,1,3,10,7,482026
1857,2,3,38,9,491272
1552,5,1,22,3,375200
1594,1,3,26,3,374822
1299,3,2,39,3,345442
1594,4,2,27,9,467678
1513,2,2,29,4,374534
1696,1,2,38,8,432986
1351,5,1,20,4,368375
1755,1,3,27,7,458190
2059,5,2,20,9,562559
1567,3,1,19,3,367818
1720,4,3,20,8,542940
1807,3,3,35,8,527070
1479,2,1,2,5,337077
1667,1,1,30,7,394474
1603,5,2,34,8,447548
1629,5,3,22,9,521610
1368,1,3,3,3,292821
1607,1,1,6,3,340087
1749,2,3,15,8,496314
2035,3,2,27,4,424989
1887,5,3,10,7,521710
2245,2,1,9,3,426595
1369,3,1,33,8,390747
1861,2,2,32,3,352214
1655,5,2,6,8,490751
2256,1,3,36,7,496956
1357,1,3,2,8,428655
1348,3,1,29,5,343885
1420,4,2,4,8,483658
962,3,2,1,8,425005
1442,4,2,19,9,512882
1372,2,3,26,7,419073
1645,2,2,25,9,480365
1702,5,1,10,8,503080
2162,4,1,15,7,482058
1885,5,3,22,5,480221
1426,1,3,21,7,406129
1330,4,2,22,3,337840
1747,3,3,36,9,509090
1203,1,1,34,7,335881
2149,1,2,30,5,415205
1953,3,1,25,6,444439
1459,1,2,28,8,400928
1086,4,3,1,7,381142
2006,5,2,4,8,530598
1565,1,2,7,4,365054
1971,4,1,9,3,439199
1121,2,1,36,9,335256
1420,4,2,19,3,343814
1601,5,3,1,4,459017
1614,4,3,10,4,447255
1464,3,1,36,9,431595
1786,5,3,9,7,512566
1279,2,1,32,4,330359
1557,3,3,32,6,446196
1636,4,2,6,8,514703
1754,5,1,38,8,473758
1813,2,1,17,5,424292
1262,3,2,10,4,315611
1139,2,1,27,4,315796
1983,4,3,35,6,492665
1699,2,3,21,3,383741
1375,1,1,25,3,269149
2065,3,3,28,8,498160
1634,2,1,15,8,444318
1953,4,2,4,7,528282
1620,4,1,29,9,493284
2218,2,2,9,6,506882
2126,4,3,27,9,584955
1525,5,2,26,9,484761
1891,5,3,19,5,506126
1793,5,1,28,9,495121
2010,1,3,17,5,468812
1310,2,1,20,9,417583
1805,1,1,39,6,387483
1917,4,2,23,5,475021
1072,1,2,32,3,284114
1245,4,2,33,5,384415
988,4,2,5,5,344178
1519,3,3,34,6,439354
1815,5,3,11,6,491735
2050,4,3,3,5,523442
1622,3,1,33,4,332764
2088,5,3,11,6,538956
1185,4,3,16,7,417098
1088,4,3,18,7,437676
1583,1,2,30,3,349303
1715,1,3,10,9,500806
1590,5,1,18,5,422745
979,4,2,38,4,327255
1573,2,1,19,3,354013
1208,1,3,36,5,335985
1800,5,2,13,6,476714
1709,4,1,3,7,483742
1318,4,3,10,8,436989
1445,2,1,38,4,339293
1282,5,1,1,8,441864
1581,4,1,27,7,431338
1886,1,3,8,9,537306
1304,2,3,17,9,448603
1751,5,1,9,8,518893
1440,2,2,6,6,426888
1362,1,2,25,5,346657
1567,5,3,39,6,462175
1289,2,3,28,8,423942
1433,3,3,33,6,416980
1240,1,3,37,7,355948
2189,1,3,9,4,448655
1610,1,2,18,6,374105
1390,3,3,21,7,421034
1664,3,1,2,4,351044
1566,4,1,38,9,470834
1533,2,2,36,5,405077
1784,4,1,37,8,463387
1827,2,2,15,9,522572
1440,3,2,28,5,404015
1427,3,1,18,9,425887
1517,4,3,34,3,359222
909,5,1,22,9,434346
1145,4,1,11,7,394806
2010,2,2,13,4,400991
2093,4,1,4,9,543281
1525,1,2,22,6,394827
1772,2,3,7,5,425277
1693,2,3,24,9,442514
2523,5,3,4,4,552199
1935,3,1,28,7,458084
1561,2,2,15,3,351579
1313,3,3,1,5,430978
1118,4,2,3,8,438838
1661,1,2,14,4,373983
1373,5,3,38,8,494482
1173,3,3,1,4,369205
1406,2,2,38,4,377053
1275,3,3,38,7,386390
2106,2,2,21,7,473254
1864,3,2,29,7,483818
1597,2,3,5,9,526799
2043,4,1,10,6,481262
1623,2,3,28,4,366172
1341,2,1,21,5,377413
2056,1,2,7,8,486385
1761,2,2,3,7,471781
1288,1,1,20,9,427942
1542,5,2,19,7,462115
1337,1,1,35,8,363035
1185,4,1,4,8,415945
1877,1,2,5,4,420373
2172,5,1,1,7,564141
1180,4,3,4,8,463126
1768,3,3,12,6,509328
1404,3,2,27,6,398616
1453,1,2,23,7,422910
1422,1,1,25,9,405033
1340,5,1,21,8,493771
1614,5,1,24,4,428949
1350,2,1,25,4,317526
1681,5,3,32,9,563827
1584,2,3,32,4,406271
1528,4,2,5,3,416458
1327,1,1,36,7,303887
1426,4,1,39,4,362423
1826,5,2,16,6,498240
1750,4,1,33,8,481054
1306,4,1,21,5,372374
1629,4,1,9,9,501332
1825,5,1,6,5,482912
1099,4,1,35,4,322690
1763,2,2,39,5,400699
1401,5,1,22,5,416333
1771,4,2,5,3,422902
1371,5,1,23,6,419394
1058,3,3,17,9,479764
1111,2,3,12,6,369118
1614,4,3,23,3,369016
1677,3,3,16,3,398997
1328,3,2,3,5,392335
1791,5,2,30,7,506419
1101,3,1,22,8,389731
1580,2,3,9,8,491523
1236,2,2,29,5,391295
1404,1,1,37,8,397964
1614,2,1,23,3,352852
1341,3,2,13,6,399034
1484,2,3,32,8,418850
1901,5,1,23,9,486864
1426,1,3,17,5,366258
1850,3,3,21,7,442677
1261,1,3,2,5,379001
1758,3,1,37,4,366816
2032,5,3,6,5,491828
858,1,1,18,3,234238
1360,4,3,30,6,408539
1773,3,1,22,6,437190
1539,4,3,33,9,516442
1711,1,2,30,8,428324
1418,4,3,17,3,375910
1625,4,3,32,4,417815
1553,1,1,14,3,290054
1950,5,1,10,5,473336
1676,4,3,36,3,367738
1701,4,2,34,3,394268
1476,5,2,9,9,502269
1453,4,1,28,4,331315
1470,4,2,11,5,402028
1718,4,3,14,7,488246
1473,2,1,39,9,445014
1686,5,3,19,7,509697
2222,4,1,15,9,543588
1861,5,1,28,6,496941
1502,3,1,24,9,466592
1960,3,1,8,8,495117
1477,4,2,9,3,345032
988,5,3,33,6,382735
1297,5,3,33,4,383898
1038,5,3,19,7,435832
1494,2,1,3,9,467090
1605,3,2,10,3,391794
2102,5,3,1,4,478322
1698,5,2,29,8,505739
1534,2,1,34,4,331720
1848,2,3,13,3,459018
936,5,2,1,8,433893
1670,1,1,34,4,323829
1831,5,2,29,8,519758
1156,5,3,13,9,487199
1943,2,3,29,9,484194
1701,2,1,39,3,339151
1475,5,1,24,3,354638
1789,5,1,26,8,496446
2281,5,2,17,5,503673
1654,2,2,7,6,407068
1674,5,2,13,4,449113
1462,5,1,5,4,416632
1345,4,3,26,5,412967
1849,1,3,3,5,402276
1343,3,2,7,5,396242
1621,1,2,39,7,368457
1456,4,3,1,7,464780
1743,3,3,17,8,521954
1700,5,2,25,7,498163
1911,4,2,3,9,562090
1446,5,3,15,9,546897
1519,2,1,29,3,328284
1306,4,2,32,8,396784
1466,2,3,26,4,361814
1713,4,3,16,6,475950
1827,4,3,25,3,420076
1323,2,3,28,4,338059
1860,3,1,9,4,388502
2006,1,3,1,8,567017
1724,5,2,29,5,436908
2163,4,1,22,5,516996
1367,5,3,16,3,367517
1226,2,1,7,5,352733
1066,5,2,14,4,362358
2048,2,3,29,5,438218
1796,5,2,19,7,492006
1583,1,3,19,5,393496
1683,1,3,2,4,382596
1262,1,3,15,8,413359
2333,1,3,3,3,409349
1638,1,3,11,6,441082
1632,1,1,30,5,379481
1817,2,3,18,9,526814
1744,4,3,2,9,597001
1667,5,1,32,4,411101
1362,1,1,8,6,382999
1741,2,1,22,6,434140
2164,2,1,6,7,437932
2003,2,1,12,6,457308
2077,4,1,36,9,500896
1446,5,3,15,8,476978
1303,4,3,28,4,357834
1562,3,2,18,4,377817
1616,2,3,2,5,439415
1928,3,3,13,5,478670
1092,1,1,15,5,301819
2058,1,1,20,9,508517
1552,4,3,29,9,522781
1471,5,2,29,9,503284
1296,3,1,3,9,411674
1103,5,3,19,9,461438
1846,4,3,3,9,563760
1621,1,2,14,8,459108
1213,5,2,4,9,456789
1211,5,1,11,6,399350
1499,1,2,31,6,344799
2100,3,3,32,7,536003
1522,1,3,27,8,444901
1149,5,2,30,5,347964
1526,3,2,2,3,345498
1518,3,2,9,9,493730
800,1,2,28,7,342095
1583,5,1,31,3,346309
1530,4,2,34,6,438218
1808,5,1,15,7,477218
2154,2,3,25,7,529026
1937,4,2,36,4,443420
1519,3,1,8,6,412026
1268,4,2,9,6,374277
2372,3,3,37,8,577664
1617,3,3,39,7,461972
1604,4,3,32,9,519110
1592,3,2,17,6,432444
1659,3,2,35,7,424555
1556,2,1,37,8,436862
1427,5,3,19,9,533110
1435,5,2,29,8,448604
1590,2,3,7,4,425506
1436,4,3,28,9,496670
1386,1,1,9,7,384720
1631,1,1,28,6,372904
1523,1,1,6,6,379460
2051,2,1,29,7,488361
804,2,3,17,7,377626
1927,3,1,16,7,491731
1973,1,1,23,5,405150
977,4,1,31,9,418341
1497,4,1,3,6,408576
1488,1,3,21,9,472496
1177,1,1,26,8,360459
1366,1,3,36,6,333002
1266,2,2,37,5,306697
2125,2,3,22,7,498222
1880,2,3,12,4,438387
1981,5,1,13,7,497134
1816,4,2,11,7,483357
1261,4,2,16,5,399819
1442,3,2,8,9,466617
1746,2,2,2,6,470633
1233,5,3,30,7,466305
1813,5,2,30,6,475105
1527,4,3,12,3,412817
1487,2,3,10,8,476851
1813,3,3,11,9,532881
1733,2,2,15,6,449226
1491,1,1,16,4,349383
1947,2,1,17,8,459087
1275,1,2,26,4,316352
1784,1,1,2,7,438423
1777,3,1,12,8,493744
1507,4,3,26,6,435179
1697,2,3,23,8,467385
1224,1,2,18,7,376939
1877,2,2,32,5,439292
1544,4,1,38,9,438955
1443,4,3,3,4,394285
1914,5,2,38,7,489954
1388,4,2,3,5,403392
1177,3,2,30,8,372983
1133,1,2,1,8,426125
1781,5,2,30,7,488210
1215,3,2,32,6,365702
2126,2,1,28,8,523225
975,1,3,21,6,353606
2108,4,3,13,6,515963
1663,1,2,27,9,462288
1570,2,3,36,6,412883
1436,5,3,7,3,434749
1719,5,3,22,9,544420
1588,5,2,10,5,414803
1930,4,2,39,5,408974
1634,3,3,15,8,522615
1645,3,3,15,8,478638
1490,1,2,4,6,410114
1582,4,1,32,9,473785
1692,5,3,23,9,535347
1086,5,1,6,3,323436
1195,2,3,24,6,409932
1822,2,1,20,3,331796
1651,5,1,37,6,423822
1544,5,1,20,4,410507
1605,4,2,12,4,383400
1704,3,1,33,7,457458
1438,2,1,28,6,386013
1366,3,1,8,9,456016
1658,4,3,1,8,512187
1306,5,1,37,5,341947
1722,3,3,22,7,492238
1089,5,1,6,8,483879
1908,5,1,21,4,438167
1741,1,2,32,6,367892
1676,3,3,35,7,471367
1894,3,1,15,6,465582
2099,5,3,5,4,488600
1904,4,3,6,7,514807
1047,1,2,25,4,271780
1216,5,2,29,3,333107
1412,2,2,7,4,356463
1607,2,2,13,9,461321
1755,1,2,38,9,436518
1382,4,2,18,6,420960
1656,5,2,2,5,454470
1373,3,2,8,4,360681
1416,1,1,11,8,405849
1178,4,3,33,9,428556
1323,3,2,38,5,364627
1194,2,2,27,3,289425
1307,2,3,20,7,419658
1916,3,1,12,7,481324
1315,1,3,31,9,454644
2389,2,3,27,5,501224
1747,5,2,32,9,546493
1655,3,3,10,7,473215
1342,3,3,3,4,382215
1810,2,2,27,5,409792
1427,1,2,35,6,379759
1636,5,2,31,4,425211
2368,1,2,15,4,455864
1571,4,3,16,4,395187
1944,4,3,13,6,519235
1389,2,1,35,3,279457
1589,2,1,11,8,421622
2131,2,3,21,9,530179
1411,4,1,11,7,426965
2143,1,3,30,9,556482
1812,1,1,35,5,353171
1431,2,2,22,3,363722
1789,5,1,38,5,445562
1891,1,2,31,9,453919
1786,4,2,14,7,481529
1128,3,2,24,6,346466
1381,3,2,32,9,464522
1525,3,1,36,4,327526
1577,5,3,32,9,490298
1786,2,2,15,4,391829
1653,4,1,35,6,441785
1199,5,2,3,9,478677
1714,4,1,16,3,388855
1783,4,1,5,3,406725
1767,2,1,21,5,363106
1924,3,3,10,6,473920
1850,2,1,19,3,364950
1737,5,1,25,9,500383
1578,5,3,4,6,519363
1101,5,3,29,7,403438
1728,2,1,19,4,352081
1662,4,3,2,9,547687
1681,4,2,10,4,407218
1216,1,2,25,4,249200
1275,5,3,20,6,474775
1915,4,3,19,6,477227
1588,1,1,23,5,366393
1804,4,3,24,4,416266
1608,5,1,11,5,409958
1608,3,2,34,4,344412
1881,5,3,28,5,467554
1445,2,1,5,5,354536
1628,4,1,5,7,456809
1461,4,2,21,5,397106
1469,2,3,12,6,391927
1507,2,2,4,5,383191
1666,3,1,20,4,405937
1456,4,1,38,5,398932
1976,4,3,25,3,450320
1331,3,1,14,8,434856
1543,1,3,11,4,416689
1468,3,2,32,3,352994
2034,5,3,11,4,507175
1658,4,3,18,6,437384
1909,2,1,27,8,443293
1154,5,1,18,8,426466
1680,4,3,23,6,451064
1866,3,1,11,8,468267
1624,5,1,21,6,423513
1919,4,1,5,3,385885
1444,1,3,23,7,398149
2022,1,1,25,4,392525
2289,2,3,10,6,556686
1491,4,1,22,4,385277
1466,1,2,19,3,334485
2036,3,1,1,7,464051
2073,4,1,7,3,433650
1443,3,3,4,8,477637
1473,3,3,1,4,410888
1515,1,1,15,9,425642
1196,4,2,12,7,453241
1324,5,1,22,8,445384
1298,1,1,22,7,364255
1369,1,2,17,8,372510
1589,4,3,29,3,389417
1670,4,1,14,6,460216
2065,3,3,20,4,471929
1300,4,3,33,5,350547
1895,3,2,15,5,437442
1535,1,2,12,3,370334
1585,2,3,20,4,385206
1802,5,1,30,4,421741
1263,1,3,38,3,332562
1714,4,1,3,4,408274
1649,5,1,28,6,454412
1747,2,2,26,3,373156
1686,2,1,30,6,408913
2336,3,1,13,4,470575
1408,5,3,13,3,386688
1440,3,2,2,4,373328
1413,1,1,37,3,265875
1433,5,1,38,4,331808
1408,1,2,2,6,413344
1956,3,3,36,9,535206
2026,5,2,26,6,527221
1428,3,2,11,4,404960
1350,5,1,8,3,359703
1741,3,1,22,5,378101
1434,2,3,20,6,406196
1789,3,1,8,6,427962
1660,2,1,29,8,394502
1145,3,2,26,5,337598
2064,5,1,30,4,445279
2138,5,3,17,9,589185
1416,5,2,20,3,359508
1483,4,3,16,8,463692
1685,1,2,7,4,381609
1700,5,1,16,7,511625
1797,2,2,27,9,515680
2203,5,2,23,6,540039
1546,4,1,24,7,447938
1360,2,1,9,6,371408
1186,4,3,35,6,362254
1380,2,3,20,7,416297
1590,3,1,37,9,434821
2138,1,1,17,7,469098
1444,1,1,31,4,336230
1667,4,2,8,8,539124
1595,1,2,15,8,441701
1956,4,2,31,7,462639
2358,4,1,30,4,468223
1440,4,3,20,8,482685
1453,1,1,39,4,319757
1913,4,2,12,4,445605
1804,1,2,17,6,425278
2154,4,1,30,8,509840
1775,5,1,29,8,486583
1492,4,2,19,6,440130
1777,2,2,11,7,420293
1932,4,2,34,6,464367
1846,3,1,7,8,502695
1752,4,2,34,8,521876
1920,2,2,20,9,502433
1950,2,3,38,7,501402
2014,1,1,24,6,459358
1794,5,3,10,3,438645
1549,4,3,32,3,373219
1644,1,2,15,7,422640
1961,5,1,37,6,467195
1354,4,2,20,6,434406
1710,3,1,3,4,380397
1481,4,3,37,8,503001
1608,2,1,8,5,368619
1983,2,2,23,9,490335
1657,3,2,11,7,471555
1613,1,2,8,5,412882
1192,5,1,29,5,366418
1823,4,3,30,7,507566
1793,2,3,10,6,500323
2248,1,1,39,7,486570
1507,3,2,28,5,390138
1665,2,3,36,8,456466
1674,3,2,13,9,523478
2073,4,1,32,9,547773
1571,5,2,36,8,489140
1683,2,3,37,8,459904
1782,2,3,26,6,445556
1655,4,2,22,3,384167
1466,1,1,4,7,389521
1658,5,2,31,9,503164
1922,2,1,18,8,479554
1292,5,2,38,7,412719
1639,2,3,24,9,495134
1389,5,1,23,8,409398
1958,3,1,22,9,498424
1143,2,1,2,6,375531
1432,5,3,31,3,368070
1713,1,2,11,3,369621
2069,3,3,28,8,518613
1580,3,1,32,9,472548
1433,1,2,5,6,383070
2164,5,3,38,4,481588
1165,4,1,10,7,400958
940,1,1,24,7,289774
1732,5,3,35,5,478282
1449,1,3,23,6,420594
1293,1,3,17,9,433434
1812,2,1,1,5,425184
1673,5,3,31,8,530555
1430,4,1,31,9,453068
1215,2,3,34,5,330544
1861,1,1,9,3,391090
1795,1,1,22,7,412956
1570,1,2,13,9,446846
2153,5,3,25,5,550254
1278,5,3,18,3,390278
1142,2,1,12,6,350629
1392,4,1,17,5,362076
1586,2,1,15,8,452414
1673,3,2,15,8,537690
1527,1,2,15,8,449925
1705,1,1,39,9,446395
1224,1,3,13,7,409966
2033,2,3,17,5,457813
1575,2,2,32,6,392689
1935,1,2,9,5,419013
1702,2,1,20,7,414839
1737,5,3,26,3,419594
1770,5,1,27,7,466769
1734,2,2,21,8,462423
1792,1,3,18,9,494284
1998,2,3,13,3,428309
1658,2,2,16,9,483850
1812,2,1,9,8,471671
1573,3,1,12,4,402615
2032,5,3,38,7,533978
1397,4,2,19,7,482667
2140,4,3,7,6,542287
1587,3,2,35,5,384609
1170,2,1,18,3,311083
1638,3,2,16,9,493221
1395,3,1,39,3,261408
1852,1,2,4,6,439983
1404,5,3,25,6,442522
1466,4,1,32,9,490468
1033,2,3,13,5,329625
1464,4,3,17,9,499463
872,4,1,37,9,408493
1124,5,1,6,8,441067
1828,4,3,19,5,464745
1835,4,3,13,7,498759
1727,3,3,26,8,502551
1309,5,3,14,4,404402
1585,1,1,31,5,333125
1598,2,1,4,6,392353
1252,4,3,39,8,426809
2051,2,2,8,5,435871
1863,1,2,25,3,383265
1533,2,1,13,9,467633
1608,1,3,32,4,385081
1662,3,3,38,7,458191
987,4,1,38,9,391244
1525,1,2,28,3,317213
1395,2,2,30,3,339870
1299,4,2,3,4,343138
1515,3,1,28,7,402190
2139,4,2,3,6,502569
1792,1,1,34,8,458068
1428,3,1,16,7,402088
1771,2,3,22,5,396293
